id,author
68113,1
19660,0
79151,0
8415,0
12307,0
69452,0
26960,0
88196,0
80433,0
67674,0
55745,0
80535,0
90303,0
67715,0
90346,0
89064,0
53039,0
12468,0
25556,0
49835,0
91961,0
17144,0
27278,0
42150,0
7645,0
74147,0
32888,0
92196,0
15227,0
77533,0
48585,0
21457,0
67367,0
31484,0
37842,0
81425,0
27102,0
45687,0
63346,0
44269,0
46240,0
75289,0
89679,0
7698,0
17608,0
51395,0
63862,0
8569,0
90790,0
60754,0
15148,0
62728,0
90336,0
6091,0
83934,0
76335,0
36336,0
45777,0
50640,0
76677,0
19419,0
93279,0
55843,0
14756,0
12575,0
69953,0
75932,0
65159,0
91458,0
4627,0
85149,0
45459,0
62712,0
17377,0
5670,0
23225,0
48818,0
85711,0
22314,0
32635,0
80562,0
51638,0
27216,0
24506,0
28715,0
28758,0
49682,0
52685,0
54516,0
60726,0
84800,0
46565,0
6486,0
70246,0
18403,0
88348,0
72729,0
19064,0
29044,0
49824,0
59139,0
657,0
77857,0
6958,0
37613,0
21608,0
21568,0
58145,0
22591,0
2051,0
61273,0
65871,0
84284,0
30842,0
34713,0
34923,0
81533,0
5565,0
72399,0
77716,0
78009,0
63867,0
5518,0
61731,0
82511,0
45241,0
93371,0
82210,0
81856,0
78182,0
23033,0
5043,0
45389,0
891,0
2905,0
59728,0
5764,0
4823,0
7995,0
23367,0
3515,0
85804,0
60621,0
39207,0
16432,0
25185,0
69549,0
11279,0
43968,0
37997,0
20534,0
16601,0
51198,0
3374,0
38478,0
61075,0
62030,0
31473,0
39877,0
72537,0
30116,0
84834,0
47387,0
1403,0
83968,0
66136,0
4521,0
70617,0
39333,0
2434,0
75701,0
78062,0
46189,0
31862,0
23654,0
90491,0
50300,0
10151,0
83958,0
61989,0
80736,0
65032,0
9104,0
61944,0
32969,0
3800,0
68189,0
91272,0
80230,0
35474,0
25725,0
83284,0
7022,0
90437,0
17977,0
45139,0
93281,0
27722,0
71505,0
92366,0
25334,0
50062,0
27579,0
2062,0
23931,0
76044,0
34686,0
32661,0
59870,0
67823,0
13549,0
24122,0
73367,0
76569,0
890,0
44031,0
39454,0
28061,0
86137,0
83171,0
49233,0
10892,0
81643,0
93919,0
7835,0
52089,0
51328,0
93648,0
82124,0
858,0
54015,0
93977,0
68531,0
71315,0
37599,0
82522,0
62872,0
20210,0
8639,0
89435,0
10275,0
55102,0
52246,0
29277,0
15176,0
55108,0
886,0
52710,0
35341,0
66736,0
49304,0
67773,0
39353,0
1715,0
55369,0
78467,0
70931,0
72980,0
38290,0
87211,0
6765,0
34611,0
21878,0
66487,0
6908,0
24428,0
33721,0
30191,0
80155,0
33503,0
15597,0
33600,0
37565,0
5915,0
46222,0
70352,0
33187,0
11752,0
34391,0
33420,0
89792,0
62294,0
5923,0
282,0
39858,0
2747,0
40250,0
24748,0
41870,0
59626,0
48819,0
61534,0
45958,0
21891,0
2230,0
92542,0
23629,0
48894,0
17034,0
19019,0
54417,0
901,0
23095,0
40097,0
49916,0
78990,0
91867,0
4075,0
18171,0
25096,0
45593,0
76213,0
53619,0
39770,0
50294,0
6061,0
49733,0
29865,0
79009,0
46285,0
36523,0
66649,0
36191,0
43620,0
49296,0
43812,0
80876,0
71796,0
65077,0
22838,0
48313,0
29633,0
76178,0
41444,0
6369,0
53555,0
54916,0
66312,0
63941,0
41733,0
55391,0
16485,0
74562,0
69776,0
25510,0
48445,0
86486,0
21653,0
79829,0
26572,0
12416,0
93980,0
810,0
51445,0
80162,0
22300,0
88338,0
91012,0
58577,0
55525,0
12778,0
43831,0
38312,0
66867,0
6110,0
79547,0
50270,0
17986,0
18122,0
89348,0
42453,0
6919,0
38987,0
72396,0
38806,0
2056,0
424,0
49714,0
13368,0
70848,0
85554,0
82018,0
83371,0
35777,0
31771,0
83100,0
4312,0
14219,0
92938,0
15398,0
89800,0
27045,0
14564,0
81283,0
42747,0
12107,0
51527,0
90263,0
21238,0
62726,0
58633,0
14931,0
48132,0
46081,0
92502,0
51470,0
30590,0
3701,0
17928,0
11687,0
67070,0
27255,0
71404,0
10192,0
19282,0
17405,0
29899,0
66669,0
56080,0
19818,0
75717,0
90086,0
90176,0
46542,0
12543,0
28239,0
983,0
70726,0
2590,0
52074,0
14867,0
84136,0
88482,0
42018,0
62965,0
68544,0
71368,0
79603,0
2292,0
87151,0
5873,0
59482,0
62668,0
36021,0
21649,0
82660,0
88720,0
62908,0
52583,0
4596,0
46104,0
9850,0
9328,0
27608,0
16267,0
66775,0
23472,0
45679,0
57029,0
29445,0
82798,0
2866,0
73344,0
67909,0
63531,0
43282,0
88953,0
30677,0
26804,0
13009,0
53205,0
35778,0
8433,0
43298,0
80316,0
91878,0
35439,0
49687,0
72893,0
60092,0
9801,0
41200,0
11202,0
63122,0
52647,0
85156,0
79623,0
61123,0
11289,0
18320,0
21531,0
35236,0
32858,0
4461,0
34304,0
2387,0
3520,0
78542,0
46424,0
17938,0
87812,0
48525,0
54485,0
80787,0
79250,0
7327,0
7495,0
40032,0
24095,0
4379,0
82428,0
69363,0
74879,0
16691,0
25780,0
78363,0
37727,0
24059,0
89505,0
22903,0
90642,0
36327,0
89883,0
10299,0
11960,0
86949,0
92321,0
16775,0
83183,0
60857,0
31365,0
78876,0
8036,0
76292,0
36111,0
24848,0
33605,0
14233,0
30943,0
36032,0
56108,0
86712,0
7304,0
71430,0
54986,0
5956,0
55563,0
92015,0
55836,0
49653,0
31785,0
36685,0
6953,0
7843,0
61162,0
62487,0
15645,0
50142,0
245,0
87566,0
12612,0
92566,0
32651,0
2745,0
52248,0
51817,0
76498,0
81469,0
65544,0
8870,0
75782,0
55882,0
71547,0
28300,0
18068,0
1233,0
79606,0
76246,0
50942,0
80560,0
93679,0
52377,0
61195,0
86739,0
54529,0
43392,0
73596,0
25708,0
55641,0
22088,0
16931,0
80613,0
40634,0
86271,0
62527,0
22607,0
18755,0
63280,0
36665,0
48280,0
14687,0
76269,0
68054,0
27636,0
14815,0
14539,0
48547,0
71889,0
91632,0
53812,0
19124,0
3037,0
6342,0
79873,0
78279,0
46410,0
88324,0
41860,0
24287,0
34451,0
76319,0
24693,0
75504,0
76708,0
46492,0
69974,0
88703,0
42840,0
60459,0
55251,0
22960,0
564,0
33978,0
93285,0
36834,0
85056,0
4515,0
31320,0
14209,0
27551,0
63076,0
44580,0
59322,0
77613,0
38710,0
49019,0
19540,0
24485,0
89165,0
40673,0
83457,0
44914,0
74670,0
26630,0
56536,0
5488,0
50497,0
22377,0
23601,0
40473,0
92005,0
57636,0
69218,0
78751,0
58333,0
63888,0
11776,0
27928,0
12918,0
32026,0
30539,0
25125,0
63631,0
51494,0
68241,0
76853,0
81546,0
89478,0
70219,0
76820,0
64461,0
4467,0
52630,0
1252,0
19729,0
19443,0
16538,0
14455,0
16806,0
14114,0
30150,0
83172,0
40290,0
47344,0
13869,0
91444,0
82757,0
10313,0
7786,0
27314,0
28738,0
58087,0
61105,0
58926,0
85570,0
83134,0
33814,0
86101,0
16165,0
85686,0
45941,0
90530,0
49779,0
36445,0
33363,0
79197,0
2892,0
1155,0
57642,0
41882,0
25599,0
82459,0
80011,0
88169,0
80622,0
69020,0
73720,0
60629,0
70475,0
4098,0
48707,0
41476,0
84367,0
34768,0
6468,0
26765,0
831,0
48225,0
9669,0
88195,0
22184,0
55753,0
28973,0
29001,0
7799,0
91506,0
22536,0
42404,0
79146,0
58591,0
78711,0
82554,0
3457,0
40399,0
36376,0
57902,0
21137,0
56699,0
75746,0
5215,0
21258,0
91289,0
4452,0
58484,0
3122,0
39386,0
65873,0
1556,0
81026,0
48233,0
81051,0
60782,0
77875,0
42409,0
6893,0
34481,0
64557,0
37435,0
82743,0
78961,0
63337,0
33317,0
2792,0
85671,0
82568,0
87480,0
80746,0
21520,0
53803,0
19210,0
60977,0
35772,0
59967,0
16404,0
43294,0
36610,0
33534,0
44591,0
19398,0
91085,0
18723,0
20661,0
47903,0
9992,0
19630,0
5985,0
71754,0
69952,0
13632,0
56130,0
61742,0
92843,0
69487,0
28994,0
74366,0
5427,0
70995,0
79534,0
7655,0
39151,0
52677,0
12871,0
64314,0
6996,0
46190,0
11283,0
34709,0
44190,0
55868,0
73555,0
10102,0
20222,0
56551,0
5882,0
16497,0
28818,0
57175,0
11462,0
3000,0
50481,0
75112,0
86114,0
59091,0
13437,0
44109,0
47163,0
16139,0
29221,0
27416,0
30397,0
64636,0
20647,0
57039,0
15422,0
42047,0
26153,0
51013,0
19304,0
58818,0
80105,0
18464,0
77604,0
39484,0
74762,0
24509,0
16256,0
81897,0
32890,0
7124,0
46889,0
73468,0
13203,0
76106,0
48089,0
66815,0
43004,0
51014,0
12520,0
77053,0
48272,0
61086,0
62368,0
23971,0
5218,0
73110,0
2761,0
47809,0
45639,0
829,0
68218,0
63900,0
37846,0
22417,0
48410,0
13893,0
48646,0
11730,0
25079,0
23416,0
53319,0
56508,0
57589,0
20452,0
68759,0
44960,0
75036,0
23277,0
64824,0
58866,0
91880,0
44949,0
19470,0
15489,0
93291,0
58793,0
45482,0
6828,0
67156,0
49855,0
53546,0
78759,0
33227,0
39777,0
71098,0
60282,0
28266,0
7024,0
91095,0
20186,0
48443,0
59016,0
63686,0
86831,0
44511,0
71316,0
40683,0
65178,0
84613,0
27277,0
10127,0
4661,0
51382,0
61868,0
4876,0
48605,0
37541,0
68873,0
75429,0
29361,0
69815,0
3891,0
3787,0
33938,0
9564,0
14086,0
569,0
77723,0
50121,0
86397,0
36366,0
58748,0
51715,0
43553,0
90010,0
48507,0
26285,0
31629,0
82796,0
85237,0
27181,0
1480,0
58307,0
9385,0
63796,0
43894,0
1844,0
76125,0
11064,0
72373,0
87130,0
87670,0
69610,0
51483,0
65650,0
69833,0
64446,0
92001,0
49672,0
44540,0
74076,0
91550,0
82456,0
75446,0
8634,0
13157,0
21099,0
89413,0
32044,0
86261,0
14035,0
9311,0
43462,0
81218,0
14254,0
7656,0
55693,0
66728,0
67276,0
17219,0
7027,0
63906,0
28191,0
22886,0
59987,0
74048,0
1912,0
35700,0
67616,0
11063,0
15089,0
75508,0
79661,0
52402,0
7997,0
63805,0
38135,0
93034,0
40933,0
9187,0
89261,0
88093,0
40741,0
77750,0
42692,0
14569,0
40089,0
47158,0
49550,0
45704,0
31792,0
33374,0
60672,0
81707,0
39143,0
88288,0
15733,0
85656,0
59824,0
47792,0
15763,0
58258,0
81227,0
87498,0
61140,0
48429,0
32208,0
1570,0
17787,0
45198,0
70308,0
451,0
79563,0
6801,0
19172,0
79536,0
58460,0
53269,0
81485,0
6132,0
18007,0
52278,0
45595,0
63868,0
88906,0
55824,0
63075,0
50757,0
68359,0
92947,0
6053,0
30555,0
86224,0
38378,0
13983,0
4210,0
74419,0
54813,0
7633,0
86269,0
87325,0
18308,0
66249,0
72490,0
18634,0
91032,0
77838,0
87974,0
21861,0
73779,0
84877,0
76987,0
64043,0
82004,0
46808,0
37274,0
5310,0
57605,0
17669,0
42505,0
92926,0
22698,0
43719,0
75768,0
54431,0
88448,0
18640,0
93160,0
16094,0
47162,0
68568,0
10103,0
29949,0
1259,0
60830,0
41105,0
52596,0
88461,0
53905,0
39081,0
58476,0
51099,0
19891,0
1853,0
38878,0
10614,0
19041,0
14772,0
61610,0
51584,0
90138,0
84786,0
1676,0
52023,0
35703,0
80377,0
44606,0
44162,0
56314,0
51648,0
70035,0
62969,0
88486,0
48013,0
90617,0
65612,0
37552,0
40373,0
33912,0
57076,0
9863,0
43152,0
18482,0
80567,0
57685,0
37661,0
76241,0
12889,0
20451,0
53372,0
48116,0
5202,0
26465,0
87765,0
44133,0
75287,0
74809,0
64474,0
3472,0
11961,0
26650,0
60482,0
27056,0
1334,0
91228,0
41054,0
37889,0
25108,0
31980,0
44708,0
28153,0
93293,0
20580,0
59835,0
66336,0
12768,0
68119,0
7457,0
28067,0
32492,0
60993,0
42668,0
36229,0
42396,0
68434,0
45920,0
57318,0
4533,0
37401,0
6403,0
44210,0
69775,0
87321,0
45101,0
30918,0
51424,0
39268,0
81074,0
16490,0
53656,0
46130,0
10084,0
84496,0
30976,0
9636,0
85575,0
61754,0
46116,0
80826,0
8526,0
73705,0
89041,0
70834,0
55577,0
44104,0
88088,0
20845,0
81609,0
67302,0
88110,0
49597,0
6394,0
7555,0
30809,0
36880,0
57316,0
57499,0
53676,0
1750,0
24680,0
87201,0
12687,0
72828,0
53013,0
65931,0
32266,0
89750,0
60577,0
46100,0
26418,0
76733,0
90222,0
45815,0
74754,0
57531,0
13452,0
92403,0
41659,0
22459,0
79937,0
62765,0
79657,0
9018,0
76641,0
39614,0
72337,0
39570,0
91110,0
28695,0
8737,0
72508,0
47682,0
57946,0
87259,0
39598,0
30859,0
3336,0
78372,0
46097,0
9509,0
9473,0
16514,0
43767,0
53762,0
90703,0
30398,0
91853,0
78574,0
20250,0
14022,0
57534,0
67656,0
14115,0
67743,0
8012,0
18089,0
82476,0
49438,0
74483,0
23812,0
77806,0
86837,0
75823,0
77586,0
3065,0
69132,0
79135,0
54702,0
51883,0
66274,0
5035,0
92811,0
4155,0
3238,0
43949,0
9377,0
57418,0
75122,0
61295,0
72279,0
52609,0
13050,0
92414,0
71536,0
3120,0
42539,0
78738,0
819,0
75033,0
37761,0
29826,0
51561,0
21704,0
88946,0
60785,0
39177,0
80052,0
54848,0
43656,0
80611,0
29396,0
16287,0
26691,0
39046,0
47858,0
34515,0
90074,0
15631,0
82940,0
38637,0
29820,0
67264,0
175,0
66889,0
71501,0
66254,0
15555,0
73850,0
45573,0
45078,0
27929,0
5847,0
46055,0
33384,0
32117,0
23651,0
45967,0
36595,0
92698,0
89529,0
44418,0
58344,0
66747,0
11332,0
87641,0
67177,0
82592,0
67282,0
22123,0
272,0
50846,0
20851,0
55760,0
28639,0
45905,0
69084,0
88481,0
87202,0
40264,0
56068,0
63193,0
69801,0
71849,0
53737,0
74443,0
12737,0
36700,0
69687,0
46896,0
19337,0
79895,0
46494,0
47911,0
24870,0
2936,0
89034,0
58759,0
12222,0
50643,0
12032,0
82527,0
1660,0
61167,0
61972,0
11654,0
814,0
38780,0
63555,0
25799,0
62092,0
63257,0
78033,0
71120,0
76860,0
24982,0
40076,0
36078,0
1434,0
93799,0
7768,0
82533,0
32900,0
78179,0
76839,0
20557,0
27963,0
83522,0
81917,0
32414,0
85418,0
2642,0
75562,0
51546,0
74075,0
8326,0
8895,0
38210,0
34597,0
4106,0
81548,0
56091,0
66366,0
62264,0
71188,0
64554,0
83871,0
41937,0
15281,0
26769,0
31456,0
16954,0
4508,0
39515,0
75634,0
58113,0
66245,0
21016,0
25972,0
72350,0
4558,0
33755,0
17632,0
15561,0
61864,0
51630,0
63618,0
1288,0
57820,0
48495,0
88028,0
52665,0
22037,0
53508,0
60703,0
22644,0
17864,0
9135,0
28773,0
47331,0
21661,0
9692,0
59500,0
795,0
56435,0
8077,0
35164,0
20420,0
25629,0
47016,0
15411,0
62732,0
16979,0
93205,0
557,0
18197,0
72877,0
89443,0
27414,0
83311,0
78745,0
41099,0
72058,0
86794,0
72261,0
58705,0
8413,0
81270,0
19097,0
91383,0
59809,0
7592,0
77989,0
17673,0
16694,0
78950,0
79436,0
48179,0
61659,0
33057,0
16915,0
51183,0
42787,0
729,0
74822,0
45737,0
66762,0
89820,0
51522,0
67074,0
3805,0
5274,0
3987,0
13941,0
10708,0
47939,0
51582,0
90125,0
19556,0
30001,0
54544,0
39617,0
41725,0
1531,0
64178,0
76565,0
63113,0
68989,0
24152,0
29111,0
40775,0
51791,0
77751,0
23638,0
58854,0
36560,0
41831,0
67013,0
50483,0
45466,0
77920,0
25469,0
38548,0
56330,0
21634,0
49044,0
58623,0
56340,0
15785,0
44888,0
43409,0
30891,0
79243,0
47972,0
93733,0
40422,0
69318,0
85537,0
87526,0
5506,0
20487,0
76590,0
20305,0
73508,0
43685,0
26766,0
82994,0
27757,0
84659,0
73551,0
72392,0
64456,0
38794,0
34835,0
33184,0
41944,0
2064,0
74904,0
5224,0
93510,0
32181,0
3788,0
44532,0
13949,0
51365,0
35872,0
5026,0
29465,0
77768,0
77811,0
26568,0
13111,0
264,0
87621,0
74995,0
80761,0
38406,0
29809,0
86116,0
65293,0
37187,0
78885,0
91814,0
42278,0
85964,0
52153,0
54461,0
71618,0
49635,0
17884,0
6538,0
22803,0
27471,0
1635,0
51836,0
81619,0
17644,0
30292,0
11058,0
50383,0
68756,0
41707,0
6670,0
30988,0
47916,0
11409,0
40015,0
76973,0
51034,0
58132,0
4408,0
86192,0
31651,0
8194,0
74864,0
51387,0
7277,0
30827,0
62260,0
4059,0
85069,0
66193,0
69980,0
84999,0
67339,0
29385,0
30788,0
44660,0
84168,0
38173,0
7240,0
380,0
54307,0
54654,0
69361,0
21986,0
33578,0
40311,0
92181,0
59009,0
16500,0
4251,0
58643,0
30577,0
3243,0
64890,0
9594,0
35066,0
73479,0
5589,0
75495,0
18107,0
27987,0
41366,0
80322,0
26774,0
12055,0
14880,0
39839,0
81802,0
88445,0
43142,0
50941,0
32849,0
85078,0
12921,0
81828,0
93653,0
21166,0
38484,0
11381,0
12858,0
60887,0
49886,0
25572,0
37192,0
16368,0
76629,0
35878,0
26073,0
37702,0
80019,0
20859,0
50099,0
38920,0
82444,0
4737,0
36837,0
47168,0
92645,0
3923,0
44627,0
5176,0
5072,0
21593,0
77501,0
26427,0
39944,0
20174,0
91104,0
14604,0
45994,0
76638,0
84936,0
7188,0
25459,0
27772,0
84425,0
16683,0
15945,0
6479,0
67786,0
76036,0
63424,0
60091,0
93610,0
49025,0
81082,0
69576,0
22324,0
23557,0
24081,0
85744,0
54134,0
88262,0
38586,0
53908,0
64950,0
83195,0
30170,0
50522,0
76494,0
24500,0
54322,0
79924,0
48607,0
33762,0
23537,0
73253,0
60759,0
44221,0
71846,0
88054,0
8816,0
12396,0
81868,0
9369,0
91136,0
45768,0
76601,0
76467,0
60526,0
77554,0
18478,0
87501,0
14187,0
38018,0
48184,0
49943,0
93292,0
47485,0
23131,0
10161,0
61330,0
85266,0
82733,0
82641,0
83737,0
35522,0
28583,0
89553,0
27768,0
6438,0
75399,0
67935,0
41107,0
6354,0
92856,0
75970,0
39163,0
18887,0
62595,0
79256,0
2075,0
68626,0
19106,0
14602,0
82509,0
70788,0
86990,0
84593,0
11863,0
85001,0
83026,0
68702,0
15810,0
78234,0
85618,0
27821,0
77891,0
3639,0
61802,0
12899,0
67164,0
78640,0
74832,0
35451,0
76234,0
67355,0
20592,0
92177,0
73281,0
28382,0
62670,0
13664,0
19607,0
84186,0
78591,0
57903,0
32949,0
83067,0
24804,0
16588,0
28803,0
39470,0
82944,0
35885,0
2987,0
81152,0
69379,0
17379,0
84105,0
50330,0
53195,0
21707,0
5370,0
26597,0
48180,0
91190,0
23073,0
66028,0
2124,0
61723,0
12893,0
58103,0
7430,0
3559,0
90231,0
20199,0
39127,0
59784,0
74696,0
54221,0
23527,0
53723,0
83168,0
19926,0
20122,0
78297,0
80393,0
8749,0
72751,0
18184,0
32984,0
39827,0
89110,0
5574,0
90919,0
2183,0
49303,0
1520,0
62328,0
28180,0
31418,0
67816,0
93901,0
90332,0
28824,0
12719,0
55330,0
71905,0
20981,0
27725,0
16827,0
29519,0
72714,0
47064,0
83318,0
46576,0
9423,0
53001,0
85883,0
27676,0
51242,0
10982,0
14173,0
61666,0
41589,0
36120,0
82180,0
67059,0
24963,0
65633,0
38219,0
64120,0
86731,0
71402,0
70731,0
7512,0
7975,0
75208,0
11383,0
35467,0
35319,0
74118,0
76552,0
84252,0
31605,0
60112,0
9854,0
36850,0
1614,0
78389,0
75630,0
61110,0
83226,0
5797,0
13522,0
27726,0
75721,0
41136,0
76613,0
47036,0
62070,0
21928,0
42575,0
16219,0
16885,0
30987,0
6418,0
15920,0
53274,0
38293,0
38108,0
71803,0
33827,0
18787,0
22390,0
2226,0
87926,0
42070,0
32377,0
28759,0
39568,0
73624,0
2830,0
72326,0
50145,0
32446,0
41482,0
79027,0
70706,0
11911,0
83126,0
67077,0
80039,0
76718,0
66930,0
12951,0
60622,0
39269,0
34926,0
30537,0
59526,0
92625,0
87502,0
83720,0
90194,0
25053,0
18023,0
32549,0
27057,0
64027,0
83083,0
51153,0
42216,0
86937,0
14025,0
10342,0
16333,0
80093,0
22337,0
39239,0
63147,0
53865,0
29196,0
42087,0
49602,0
3848,0
34058,0
56053,0
52991,0
43018,0
23614,0
83884,0
55664,0
56579,0
54989,0
49885,0
77083,0
38060,0
55020,0
26952,0
71051,0
13432,0
85590,0
3464,0
18910,0
31597,0
52542,0
19976,0
22269,0
15831,0
29285,0
80054,0
12946,0
38112,0
72600,0
86907,0
15466,0
81990,0
58790,0
30652,0
27005,0
9725,0
65112,0
13550,0
70808,0
61614,0
2003,0
74374,0
11679,0
89377,0
31071,0
20705,0
72144,0
1868,0
47848,0
17760,0
64753,0
39373,0
77415,0
52600,0
2897,0
11607,0
43525,0
14188,0
53432,0
16409,0
77922,0
51821,0
42224,0
9136,0
5114,0
53554,0
86229,0
12501,0
63866,0
7734,0
47377,0
10376,0
11034,0
1389,0
46814,0
42913,0
87466,0
77368,0
37022,0
46930,0
4534,0
89201,0
66221,0
92990,0
9518,0
17521,0
40127,0
23865,0
44901,0
7648,0
17001,0
87162,0
36077,0
18155,0
25121,0
53203,0
19835,0
86740,0
57431,0
22156,0
66285,0
49652,0
60966,0
58769,0
77884,0
79329,0
26412,0
66612,0
66979,0
71387,0
61084,0
32207,0
2134,0
39436,0
89471,0
43627,0
60535,0
73136,0
69260,0
14312,0
75883,0
69832,0
67126,0
29406,0
72895,0
73019,0
3570,0
11108,0
47191,0
27890,0
43194,0
85983,0
57622,0
75221,0
2483,0
26868,0
65169,0
20402,0
38745,0
7456,0
40584,0
24023,0
38271,0
69048,0
24583,0
17313,0
41986,0
57778,0
52822,0
77421,0
72955,0
84913,0
69512,0
17799,0
52108,0
75226,0
18993,0
34581,0
21584,0
65686,0
24769,0
63091,0
27382,0
3752,0
57052,0
73922,0
36824,0
55419,0
89407,0
72050,0
40607,0
58998,0
55765,0
30143,0
22146,0
18384,0
76224,0
33262,0
4741,0
44423,0
53461,0
60137,0
64297,0
90492,0
21456,0
3756,0
52800,0
48035,0
21203,0
80882,0
91972,0
44962,0
73500,0
21434,0
16064,0
80395,0
39182,0
4743,0
61814,0
55303,0
62044,0
20799,0
15175,0
7836,0
82580,0
41619,0
47924,0
61429,0
55614,0
81743,0
17473,0
3400,0
88189,0
14509,0
27268,0
27527,0
77782,0
59226,0
38124,0
60531,0
38043,0
52414,0
35118,0
64960,0
93382,0
52277,0
81258,0
17336,0
55958,0
88829,0
85985,0
60088,0
84402,0
88258,0
44790,0
12528,0
81025,0
4126,0
478,0
10838,0
14996,0
24545,0
83988,0
81273,0
76093,0
84148,0
18270,0
43540,0
76607,0
75950,0
5200,0
68477,0
52890,0
20748,0
57818,0
56201,0
10738,0
79730,0
31512,0
45904,0
49654,0
29388,0
24206,0
13352,0
64365,0
26870,0
47804,0
59488,0
63273,0
4129,0
27009,0
8152,0
33926,0
69536,0
9,0
30129,0
44965,0
60660,0
11030,0
17745,0
47667,0
27949,0
55899,0
52400,0
15709,0
17214,0
69384,0
67926,0
45434,0
14791,0
40891,0
70395,0
78423,0
27068,0
37224,0
43816,0
23343,0
63633,0
6046,0
58570,0
28403,0
37364,0
11098,0
26003,0
54703,0
45393,0
58626,0
56786,0
68906,0
70483,0
2378,0
72156,0
71650,0
84479,0
69955,0
73506,0
45413,0
54214,0
93906,0
14999,0
35115,0
3529,0
72652,0
63789,0
93269,0
7440,0
56335,0
56220,0
57345,0
48055,0
68375,0
43834,0
73312,0
53449,0
37370,0
91242,0
12653,0
92340,0
7569,0
36176,0
59880,0
46478,0
52325,0
47738,0
70944,0
90951,0
59760,0
36752,0
84226,0
34526,0
23666,0
39574,0
6149,0
82926,0
40221,0
13256,0
71300,0
32052,0
91016,0
3560,0
9028,0
59804,0
31708,0
37773,0
51578,0
91077,0
66735,0
11992,0
6794,0
7453,0
39938,0
29262,0
5800,0
19312,0
60683,0
86150,0
21915,0
60226,0
51712,0
12989,0
69113,0
7752,0
77602,0
62378,0
12908,0
93288,0
55253,0
87748,0
60223,0
17076,0
55334,0
54245,0
34791,0
23240,0
58170,0
4766,0
22079,0
11433,0
46287,0
507,0
66949,0
22654,0
73189,0
51967,0
60855,0
8004,0
44693,0
55970,0
85263,0
16837,0
3509,0
93526,0
4931,0
76362,0
49148,0
92000,0
24202,0
67182,0
45225,0
43914,0
69357,0
82514,0
81173,0
83888,0
78154,0
71138,0
63270,0
29541,0
71278,0
87359,0
13768,0
9536,0
59311,0
68249,0
69400,0
92416,0
17492,0
68758,0
92787,0
91202,0
62363,0
19063,0
64009,0
23564,0
58851,0
73017,0
82129,0
8540,0
9466,0
19138,0
74873,0
12310,0
5378,0
27774,0
36334,0
75871,0
83671,0
48431,0
50847,0
83553,0
49241,0
6317,0
62820,0
58127,0
85852,0
60395,0
61637,0
84145,0
66806,0
1051,0
22246,0
31890,0
14490,0
25821,0
63591,0
34109,0
6382,0
69281,0
69707,0
40411,0
40007,0
53092,0
17964,0
11518,0
63958,0
30219,0
7792,0
85648,0
67611,0
19318,0
23842,0
58569,0
71284,0
51835,0
86344,0
24537,0
74862,0
84702,0
50606,0
5556,0
50797,0
41068,0
60353,0
419,0
10870,0
28333,0
22182,0
77878,0
67307,0
20138,0
80670,0
11362,0
86602,0
53425,0
15901,0
90799,0
81220,0
72438,0
56301,0
29709,0
34764,0
1810,0
5357,0
89716,0
63007,0
67787,0
18817,0
19838,0
89044,0
53422,0
18791,0
38050,0
91263,0
34321,0
11478,0
35788,0
26242,0
81046,0
29392,0
30562,0
33597,0
90141,0
72351,0
86936,0
9887,0
47978,0
23811,0
53869,0
16537,0
41417,0
61460,0
25011,0
54443,0
16420,0
15049,0
66756,0
14587,0
1561,0
74700,0
33516,0
6395,0
15573,0
46173,0
16341,0
81161,0
74585,0
53843,0
1514,0
55252,0
44988,0
7290,0
26710,0
61716,0
69750,0
62895,0
3046,0
22074,0
24233,0
59049,0
65615,0
56057,0
57997,0
46108,0
13091,0
73946,0
52114,0
20001,0
88116,0
93387,0
15606,0
89831,0
15967,0
35243,0
77176,0
4879,0
11781,0
8828,0
57836,0
12622,0
40424,0
88092,0
9107,0
24355,0
61480,0
53019,0
23579,0
59969,0
61698,0
28847,0
69979,0
66388,0
104,0
68137,0
12606,0
1380,0
41721,0
80544,0
61967,0
53639,0
11267,0
15233,0
19522,0
86282,0
88616,0
38324,0
8078,0
69435,0
37207,0
91719,0
31665,0
18511,0
3214,0
75840,0
1516,0
53748,0
75131,0
54369,0
21190,0
56265,0
62361,0
75294,0
34437,0
1585,0
13684,0
21445,0
20033,0
44909,0
53982,0
36465,0
20863,0
42789,0
6949,0
65834,0
67504,0
69696,0
77066,0
2090,0
79608,0
47280,0
161,0
90450,0
65782,0
37026,0
19845,0
55429,0
7949,0
1809,0
22380,0
1535,0
7924,0
34683,0
2084,0
75643,0
32310,0
73703,0
69520,0
70162,0
5539,0
74248,0
68913,0
83684,0
90754,0
15722,0
39558,0
76231,0
19000,0
71917,0
45746,0
19492,0
41298,0
71059,0
9252,0
63845,0
6273,0
68816,0
41412,0
76058,0
84450,0
53644,0
40576,0
74635,0
30801,0
44055,0
8589,0
67378,0
15260,0
76097,0
67141,0
22296,0
12819,0
25997,0
78092,0
31355,0
15737,0
88027,0
89309,0
22122,0
62890,0
91643,0
37269,0
19531,0
26979,0
83463,0
5657,0
70997,0
53969,0
37982,0
6343,0
39507,0
92583,0
7831,0
35577,0
21088,0
71039,0
41464,0
26035,0
81530,0
35633,0
72747,0
44579,0
37328,0
29571,0
33321,0
47452,0
50489,0
34061,0
63989,0
76454,0
89149,0
12532,0
11762,0
38297,0
68102,0
8998,0
54536,0
32645,0
7446,0
23820,0
88431,0
72732,0
8104,0
11082,0
40536,0
77960,0
32550,0
15848,0
13658,0
38307,0
79727,0
39172,0
13756,0
64030,0
68867,0
85681,0
36580,0
28900,0
57320,0
56000,0
54719,0
33551,0
34860,0
59176,0
4908,0
85970,0
34579,0
19643,0
32259,0
8145,0
88160,0
19571,0
35849,0
91811,0
78748,0
93933,0
73868,0
78044,0
72909,0
64880,0
90654,0
23163,0
30469,0
28159,0
68348,0
19551,0
20261,0
33485,0
9360,0
83254,0
27813,0
7038,0
46676,0
5165,0
4827,0
51838,0
35673,0
63217,0
67216,0
62666,0
30477,0
59782,0
85135,0
47262,0
54711,0
93481,0
26660,0
78101,0
71124,0
20169,0
88248,0
25852,0
79327,0
5989,0
83325,0
54200,0
27401,0
82219,0
71644,0
89587,0
49946,0
62568,0
4221,0
29316,0
27358,0
83327,0
38658,0
32202,0
57779,0
91235,0
38895,0
58923,0
34691,0
55185,0
10140,0
7450,0
23909,0
25904,0
69240,0
22660,0
58417,0
29072,0
86864,0
56354,0
28058,0
81190,0
46615,0
19898,0
7078,0
69739,0
87851,0
72473,0
18716,0
44670,0
79886,0
54284,0
33550,0
12054,0
63603,0
16026,0
61141,0
43304,0
744,0
68098,0
46699,0
16261,0
91260,0
76824,0
35593,0
10279,0
91510,0
51668,0
22706,0
15224,0
58740,0
48556,0
79312,0
19108,0
51293,0
57276,0
19527,0
26026,0
75424,0
65971,0
76737,0
64718,0
2235,0
53043,0
53213,0
9223,0
6849,0
8996,0
63004,0
46481,0
65805,0
84370,0
54877,0
10475,0
33685,0
78050,0
74324,0
37899,0
43184,0
13991,0
23321,0
38936,0
18690,0
79415,0
12289,0
77919,0
66156,0
24168,0
70138,0
14245,0
65539,0
8626,0
48603,0
16448,0
66115,0
89769,0
86158,0
64384,0
43818,0
53910,0
88253,0
71943,0
73171,0
32816,0
7686,0
80306,0
13994,0
28230,0
12538,0
89985,0
22042,0
20889,0
3310,0
60553,0
4391,0
24665,0
50908,0
51450,0
90555,0
20689,0
93781,0
60196,0
77207,0
12703,0
55202,0
55735,0
64070,0
90971,0
40943,0
6224,0
39585,0
90341,0
75459,0
38603,0
70389,0
58788,0
66455,0
26164,0
20382,0
23695,0
81801,0
4561,0
85378,0
3099,0
8599,0
54869,0
62355,0
91553,0
26216,0
31857,0
69771,0
44089,0
67558,0
93459,0
14130,0
31929,0
47179,0
33515,0
42977,0
56828,0
45552,0
34637,0
68912,0
5142,0
92131,0
88197,0
92734,0
33337,0
15046,0
92894,0
80429,0
62012,0
75846,0
92882,0
88880,0
43323,0
70840,0
88750,0
86923,0
75686,0
49888,0
26523,0
81761,0
61304,0
53879,0
19165,0
28710,0
71062,0
555,0
56204,0
4611,0
42038,0
70245,0
2386,0
70487,0
38601,0
77491,0
81784,0
21927,0
35264,0
67406,0
13420,0
7031,0
22427,0
78094,0
7864,0
32294,0
5174,0
26078,0
46118,0
1597,0
47446,0
16623,0
76955,0
52618,0
10889,0
89278,0
93248,0
46729,0
48685,0
59333,0
19412,0
40440,0
61515,0
51784,0
62634,0
62912,0
56955,0
16903,0
2891,0
57356,0
17686,0
78448,0
65363,0
75450,0
50312,0
49028,0
89896,0
37156,0
60188,0
52470,0
91122,0
42368,0
72887,0
41799,0
73015,0
83222,0
42286,0
6741,0
25105,0
72744,0
49181,0
80692,0
86619,0
33763,0
27217,0
83049,0
46503,0
8268,0
64741,0
45711,0
24032,0
43804,0
79550,0
67252,0
80085,0
93427,0
68333,0
32765,0
72840,0
22007,0
3134,0
63342,0
67462,0
76101,0
45051,0
89542,0
88401,0
9061,0
32335,0
48096,0
60770,0
83780,0
66043,0
36143,0
73155,0
41709,0
21139,0
52812,0
38303,0
7839,0
23250,0
73460,0
52252,0
3595,0
50557,0
18,0
6637,0
62238,0
40723,0
9044,0
67204,0
92051,0
9087,0
57422,0
50799,0
43213,0
13770,0
28248,0
5801,0
72111,0
10769,0
27858,0
35675,0
93193,0
11243,0
39758,0
16480,0
88552,0
93134,0
76260,0
1265,0
21710,0
84170,0
60654,0
59849,0
86161,0
83708,0
28390,0
11640,0
26199,0
26632,0
55302,0
28602,0
87701,0
65772,0
79016,0
32593,0
77557,0
87760,0
33224,0
53948,0
52798,0
16891,0
83779,0
21486,0
4227,0
23602,0
70964,0
62747,0
16119,0
19908,0
87445,0
52297,0
15449,0
54444,0
80009,0
71829,0
28188,0
70529,0
17676,0
24822,0
73335,0
73378,0
50404,0
13109,0
45267,0
93505,0
4246,0
61713,0
67836,0
70139,0
40662,0
74071,0
41514,0
10646,0
75589,0
59593,0
46619,0
63379,0
36153,0
9607,0
81883,0
46524,0
46807,0
16846,0
17140,0
28436,0
35814,0
93829,0
78734,0
32199,0
44453,0
5154,0
75147,0
40783,0
78930,0
81043,0
15209,0
90924,0
84891,0
11851,0
45195,0
84357,0
40191,0
40219,0
39782,0
85521,0
11909,0
38338,0
20731,0
11614,0
82839,0
26543,0
64928,0
25952,0
85468,0
59290,0
75001,0
61883,0
38698,0
31694,0
40379,0
67005,0
24130,0
26708,0
79981,0
87489,0
22527,0
56231,0
32649,0
50529,0
47629,0
89707,0
18468,0
14356,0
48234,0
52426,0
69251,0
84462,0
71134,0
92954,0
92796,0
88598,0
89617,0
9399,0
88816,0
60884,0
82211,0
62097,0
56038,0
48192,0
4093,0
13308,0
27536,0
1034,0
43507,0
88203,0
51436,0
65028,0
27618,0
24123,0
79311,0
59435,0
84270,0
67090,0
28754,0
37944,0
45897,0
7628,0
59958,0
54744,0
86470,0
38146,0
55481,0
66909,0
57172,0
49789,0
63923,0
82876,0
2391,0
78790,0
93436,0
29564,0
82629,0
6816,0
40791,0
89328,0
14572,0
30328,0
77127,0
7342,0
87460,0
27051,0
53009,0
36732,0
37572,0
67370,0
16886,0
87420,0
59532,0
6542,0
66430,0
72890,0
7989,0
51514,0
41574,0
59768,0
65147,0
6233,0
93286,0
39728,0
75927,0
27353,0
43703,0
79238,0
26646,0
32197,0
67145,0
15670,0
76983,0
45634,0
23370,0
50333,0
53148,0
14720,0
46701,0
31776,0
4531,0
19145,0
54837,0
72437,0
84289,0
9906,0
62046,0
274,0
49823,0
34895,0
56160,0
65614,0
29698,0
55929,0
88855,0
56533,0
44774,0
93429,0
63243,0
74390,0
3404,0
42528,0
59759,0
75164,0
57064,0
35620,0
55048,0
73061,0
78781,0
71546,0
8926,0
63630,0
55144,0
43700,0
25872,0
77760,0
76257,0
1760,0
68197,0
43659,0
86527,0
45359,0
81294,0
79975,0
67865,0
85887,0
32824,0
23993,0
9378,0
77591,0
40930,0
70044,0
59558,0
14865,0
5831,0
64599,0
51979,0
26775,0
38533,0
25046,0
41015,0
12814,0
74860,0
38574,0
19203,0
39901,0
74905,0
71146,0
44833,0
93062,0
74970,0
8327,0
51433,0
51042,0
9430,0
86751,0
43842,0
15276,0
67052,0
51894,0
69987,0
5031,0
71757,0
74208,0
10822,0
87014,0
47248,0
45133,0
3050,0
74414,0
35375,0
81894,0
9582,0
10566,0
70919,0
12131,0
44980,0
85276,0
21549,0
78624,0
69944,0
35256,0
46600,0
62624,0
30973,0
79310,0
23169,0
36682,0
2311,0
58911,0
58073,0
26130,0
67657,0
51374,0
6241,0
68803,0
62055,0
70130,0
38653,0
66052,0
31129,0
27705,0
5930,0
66377,0
66251,0
41504,0
71273,0
77037,0
13275,0
27684,0
38472,0
20558,0
80539,0
40215,0
22518,0
19141,0
4414,0
6586,0
84287,0
18191,0
90972,0
34588,0
37974,0
25578,0
1873,0
81543,0
43457,0
31124,0
50839,0
25446,0
71991,0
46755,0
14257,0
5021,0
61791,0
82616,0
13005,0
91374,0
36417,0
64012,0
24331,0
65739,0
38967,0
9130,0
74568,0
43970,0
24160,0
21991,0
43458,0
8651,0
81431,0
53534,0
55,0
75538,0
18376,0
2712,0
71569,0
62224,0
12221,0
71093,0
27694,0
59297,0
5211,0
20867,0
42204,0
23714,0
83074,0
58062,0
71925,0
3743,0
55002,0
13287,0
58809,0
40640,0
17365,0
42620,0
64884,0
79141,0
59991,0
76021,0
92216,0
65062,0
66897,0
74269,0
90714,0
64517,0
17292,0
25331,0
9421,0
88002,0
46555,0
48203,0
26533,0
21693,0
77617,0
55220,0
39026,0
88618,0
35595,0
25231,0
63966,0
81274,0
38931,0
40533,0
9933,0
16068,0
79887,0
29590,0
35162,0
42550,0
45890,0
85079,0
29545,0
38833,0
73783,0
4850,0
12941,0
42217,0
65413,0
27329,0
90175,0
2756,0
66044,0
1093,0
72179,0
43247,0
27683,0
65015,0
20807,0
65113,0
63401,0
9415,0
88983,0
13984,0
55794,0
20752,0
32277,0
89809,0
35670,0
59939,0
28614,0
74576,0
2279,0
65701,0
22389,0
70001,0
19856,0
54271,0
46495,0
87031,0
89753,0
75165,0
49860,0
89823,0
73810,0
60876,0
84684,0
3979,0
26806,0
7507,0
81315,0
22307,0
4681,0
56036,0
57615,0
27933,0
48336,0
39914,0
73924,0
74232,0
44079,0
56543,0
87406,0
78095,0
71595,0
45126,0
82362,0
80467,0
74736,0
24146,0
67750,0
16226,0
11875,0
26278,0
76814,0
92322,0
89984,0
84107,0
70486,0
56550,0
22990,0
21402,0
42126,0
7225,0
74046,0
17126,0
52969,0
38349,0
18106,0
12836,0
87070,0
32897,0
50693,0
50848,0
25178,0
72535,0
39765,0
24541,0
72267,0
52344,0
29656,0
28568,0
86277,0
39485,0
58034,0
19425,0
7437,0
11195,0
13365,0
67159,0
3581,0
31809,0
15774,0
5172,0
21213,0
36656,0
73669,0
34799,0
12019,0
57743,0
76516,0
8073,0
125,0
15824,0
30971,0
54403,0
3745,0
71694,0
1620,0
35584,0
73467,0
59706,0
50718,0
45053,0
62354,0
42757,0
76163,0
15451,0
92070,0
27024,0
34204,0
68308,0
4949,0
12180,0
82354,0
81167,0
9219,0
60363,0
82200,0
9034,0
36877,0
64138,0
92682,0
73862,0
18981,0
9474,0
71119,0
83025,0
65783,0
58129,0
85204,0
69637,0
21297,0
44762,0
73145,0
42906,0
42036,0
19291,0
73401,0
79271,0
63700,0
90522,0
18856,0
91233,0
8912,0
89004,0
80017,0
4341,0
45607,0
38666,0
87774,0
1763,0
52574,0
89692,0
86517,0
27395,0
33752,0
83597,0
41548,0
61165,0
85802,0
53936,0
27790,0
41558,0
70631,0
42813,0
11620,0
35608,0
93411,0
29706,0
60077,0
20509,0
34134,0
88103,0
4731,0
65842,0
85490,0
51477,0
42468,0
69402,0
5714,0
31628,0
54690,0
49514,0
41178,0
34520,0
67110,0
85825,0
30324,0
80138,0
21094,0
64710,0
87246,0
93970,0
38847,0
45848,0
20834,0
8052,0
24412,0
7685,0
24903,0
17806,0
57766,0
21244,0
56915,0
57209,0
8210,0
11160,0
58429,0
64168,0
82943,0
34881,0
24102,0
5838,0
55407,0
65934,0
71002,0
58670,0
59531,0
73842,0
10099,0
65704,0
12602,0
25007,0
55130,0
86732,0
91336,0
18611,0
31486,0
2654,0
7643,0
74226,0
78643,0
36944,0
21816,0
11915,0
18213,0
57297,0
81337,0
71142,0
43721,0
57057,0
78588,0
58393,0
75826,0
39237,0
1729,0
10872,0
960,0
43234,0
13430,0
36763,0
73787,0
88146,0
91544,0
44065,0
67569,0
20009,0
82690,0
9079,0
13692,0
42208,0
38171,0
91512,0
19281,0
13384,0
52780,0
79309,0
78393,0
55990,0
18314,0
50694,0
9777,0
20338,0
61809,0
52358,0
66288,0
65895,0
76811,0
56834,0
37561,0
63190,0
90774,0
69176,0
13515,0
74944,0
42614,0
54450,0
6650,0
3278,0
24753,0
75068,0
39432,0
30152,0
53792,0
70856,0
69573,0
42239,0
40911,0
26277,0
1795,0
52170,0
30102,0
11252,0
68712,0
73144,0
16804,0
93677,0
7345,0
21348,0
14107,0
67579,0
52913,0
16124,0
52666,0
85634,0
89667,0
40165,0
19561,0
82486,0
47576,0
93952,0
54441,0
3107,0
82112,0
26178,0
30377,0
83889,0
80879,0
35036,0
15458,0
51766,0
70622,0
20585,0
56344,0
29552,0
25644,0
90493,0
77743,0
66268,0
33029,0
69041,0
62344,0
93125,0
83518,0
69213,0
86643,0
92242,0
71115,0
73547,0
91487,0
23902,0
65020,0
28542,0
29955,0
66710,0
10907,0
7248,0
44733,0
10123,0
67548,0
21086,0
91067,0
43813,0
64737,0
15439,0
92830,0
15575,0
40711,0
68291,0
64289,0
52915,0
88249,0
51739,0
82318,0
47687,0
57557,0
88047,0
64427,0
27619,0
53569,0
47707,0
4337,0
27146,0
10219,0
86515,0
19494,0
50716,0
6480,0
91516,0
8708,0
87341,0
65078,0
61407,0
19073,0
56229,0
11213,0
71683,0
65102,0
43197,0
28277,0
78453,0
68100,0
87279,0
17316,0
10428,0
69319,0
54728,0
22488,0
73092,0
92979,0
12153,0
57159,0
44252,0
62197,0
2343,0
72141,0
57985,0
16810,0
41234,0
76800,0
22738,0
10596,0
55893,0
31299,0
19309,0
42470,0
36967,0
54413,0
14626,0
61219,0
78960,0
1209,0
37223,0
43337,0
4184,0
21195,0
27484,0
8500,0
68002,0
25388,0
64149,0
44538,0
84812,0
26934,0
92717,0
75963,0
77817,0
31302,0
69238,0
6580,0
46654,0
76940,0
69014,0
67662,0
26794,0
2697,0
29808,0
44032,0
72452,0
21606,0
3733,0
68598,0
20779,0
67369,0
10670,0
37412,0
66824,0
24086,0
59113,0
974,0
27477,0
43592,0
25575,0
61471,0
19900,0
30071,0
40982,0
40299,0
42792,0
7163,0
65211,0
66246,0
13707,0
32368,0
49275,0
49798,0
38289,0
24061,0
38793,0
92983,0
13438,0
33526,0
53872,0
4910,0
48898,0
85094,0
76436,0
39506,0
8629,0
55283,0
44161,0
18762,0
76667,0
36050,0
83991,0
20618,0
20847,0
15099,0
56976,0
54639,0
28849,0
83273,0
64508,0
88659,0
13955,0
17579,0
43385,0
84055,0
46789,0
48448,0
43927,0
42815,0
83337,0
93704,0
67854,0
74058,0
16768,0
30739,0
36614,0
47712,0
44462,0
85152,0
59927,0
34724,0
72014,0
29429,0
14655,0
31820,0
71781,0
42132,0
19345,0
21627,0
61911,0
4550,0
27441,0
82160,0
37405,0
71698,0
63339,0
18494,0
79982,0
74446,0
13475,0
3316,0
13022,0
24858,0
34739,0
84325,0
14872,0
79930,0
68418,0
57303,0
13625,0
50205,0
41740,0
41564,0
10636,0
75020,0
4047,0
58292,0
79898,0
55079,0
76722,0
67560,0
54914,0
42238,0
81782,0
517,0
90295,0
19869,0
55859,0
27419,0
8877,0
85383,0
88326,0
38183,0
77279,0
90511,0
129,0
66613,0
11069,0
4066,0
44048,0
45174,0
12734,0
53356,0
70876,0
64738,0
35726,0
23372,0
16824,0
29891,0
13496,0
93696,0
68610,0
33116,0
4228,0
10516,0
59428,0
3684,0
51117,0
67571,0
77654,0
64764,0
56242,0
68586,0
38224,0
16171,0
74708,0
32391,0
43354,0
66581,0
8467,0
30483,0
55532,0
63879,0
35711,0
53498,0
60457,0
34928,0
60894,0
36155,0
26604,0
39529,0
2377,0
55485,0
18259,0
27175,0
85743,0
42440,0
52895,0
40592,0
92839,0
38189,0
74849,0
73442,0
17449,0
92111,0
90134,0
64452,0
22243,0
6735,0
59737,0
73008,0
48912,0
25908,0
11806,0
66920,0
54575,0
39365,0
61462,0
8149,0
20291,0
16221,0
30305,0
41123,0
75709,0
75928,0
10346,0
3974,0
67390,0
417,0
60510,0
84487,0
55474,0
54557,0
49321,0
69052,0
81114,0
14157,0
54763,0
90054,0
19862,0
55611,0
15669,0
68714,0
16069,0
7233,0
90838,0
12963,0
89710,0
65656,0
34761,0
88124,0
83341,0
8115,0
5707,0
23949,0
69494,0
18436,0
77712,0
21525,0
22939,0
60947,0
72830,0
36312,0
29790,0
43464,0
5001,0
16476,0
42407,0
2687,0
85352,0
80136,0
3326,0
70311,0
57151,0
12956,0
46305,0
52613,0
4745,0
21084,0
38915,0
36721,0
78537,0
77595,0
27655,0
12943,0
36039,0
38677,0
39273,0
65749,0
58686,0
51456,0
89966,0
49473,0
19859,0
79039,0
70774,0
15396,0
53229,0
89519,0
52748,0
64817,0
42083,0
7372,0
6049,0
1963,0
19229,0
19837,0
68340,0
81154,0
17754,0
1317,0
89863,0
55919,0
21519,0
9202,0
52167,0
13122,0
11346,0
87725,0
29264,0
3940,0
12360,0
7268,0
61812,0
84348,0
64534,0
7017,0
10725,0
83927,0
87155,0
73852,0
92215,0
52109,0
21309,0
71774,0
23489,0
80108,0
31073,0
88990,0
24172,0
21488,0
49092,0
1498,0
1300,0
82438,0
36978,0
80174,0
44405,0
83321,0
53267,0
39443,0
50821,0
67045,0
72939,0
75524,0
27363,0
1285,0
5386,0
26438,0
7334,0
22625,0
63048,0
1105,0
55866,0
38435,0
64873,0
89101,0
7890,0
2126,0
41071,0
62697,0
17615,0
6545,0
23445,0
13218,0
82614,0
5825,0
61977,0
4800,0
82205,0
80122,0
29757,0
46971,0
43367,0
18995,0
47857,0
80986,0
41264,0
92201,0
90071,0
42056,0
15765,0
25822,0
89643,0
85541,0
91069,0
86836,0
61012,0
69011,0
51144,0
77235,0
90939,0
64480,0
41724,0
73979,0
44987,0
55069,0
32664,0
9676,0
74175,0
60689,0
89450,0
9488,0
77605,0
26900,0
38914,0
74356,0
54951,0
73793,0
31606,0
61649,0
38079,0
49626,0
44012,0
6718,0
88261,0
76868,0
34610,0
8276,0
20176,0
69704,0
18015,0
86727,0
92902,0
66199,0
40590,0
92306,0
38681,0
14156,0
51410,0
59031,0
20643,0
27008,0
44471,0
11517,0
6296,0
37805,0
23424,0
14347,0
42790,0
13833,0
30717,0
67878,0
36182,0
69091,0
88785,0
36838,0
27030,0
6671,0
85619,0
66531,0
93078,0
67099,0
61876,0
10168,0
19197,0
36003,0
42051,0
20304,0
91063,0
37540,0
21826,0
44344,0
2375,0
68336,0
31563,0
41667,0
56814,0
3260,0
67186,0
38982,0
4645,0
74164,0
3253,0
73934,0
66896,0
80027,0
59796,0
33461,0
43466,0
48358,0
92247,0
79663,0
51203,0
90770,0
71573,0
82710,0
25234,0
76593,0
33434,0
57885,0
69681,0
52004,0
71085,0
56650,0
16198,0
75783,0
41360,0
62996,0
41004,0
90516,0
6889,0
86153,0
84247,0
47671,0
14605,0
19352,0
64364,0
82677,0
81197,0
39274,0
55341,0
43754,0
51759,0
21054,0
82534,0
88525,0
61496,0
93115,0
33698,0
62155,0
58507,0
2673,0
12325,0
15961,0
43388,0
46862,0
16510,0
51031,0
37146,0
86467,0
89719,0
27301,0
36106,0
28653,0
29810,0
46872,0
14783,0
86567,0
50160,0
6627,0
75405,0
22988,0
71347,0
61706,0
9879,0
65912,0
63036,0
52150,0
14244,0
24178,0
22833,0
17180,0
18057,0
34419,0
46678,0
6862,0
75475,0
5350,0
26942,0
25278,0
63149,0
52575,0
77738,0
89569,0
34241,0
24183,0
10918,0
90404,0
76469,0
2350,0
9015,0
15116,0
68710,0
50206,0
86826,0
63512,0
7429,0
65520,0
90809,0
82803,0
60474,0
73397,0
13259,0
69279,0
56109,0
73709,0
77715,0
72760,0
83986,0
27017,0
64904,0
49643,0
81819,0
31408,0
9902,0
12444,0
71699,0
56774,0
57628,0
52301,0
16884,0
19451,0
79854,0
51214,0
3795,0
48256,0
27229,0
5960,0
71162,0
47376,0
40429,0
80163,0
66989,0
56883,0
57389,0
90825,0
92557,0
35855,0
75019,0
88068,0
27049,0
35097,0
4483,0
83648,0
80250,0
79820,0
20267,0
57113,0
81122,0
52214,0
75111,0
24563,0
26488,0
22857,0
73712,0
35390,0
20369,0
56360,0
22060,0
78969,0
92347,0
72290,0
62582,0
31957,0
30421,0
35172,0
50179,0
79932,0
25491,0
86432,0
77531,0
12098,0
42274,0
81525,0
33571,0
60707,0
72256,0
80059,0
29271,0
53024,0
60089,0
52257,0
23132,0
28040,0
25730,0
51725,0
72586,0
23443,0
45845,0
63492,0
79445,0
88910,0
53686,0
49103,0
66809,0
29607,0
89941,0
74473,0
35259,0
5189,0
84928,0
37681,0
9621,0
71330,0
24215,0
93350,0
65252,0
69662,0
39307,0
29173,0
93031,0
76247,0
3346,0
32375,0
93425,0
85036,0
92348,0
61568,0
93937,0
38851,0
58690,0
44792,0
31457,0
49059,0
18434,0
51515,0
78892,0
41826,0
38749,0
22574,0
81641,0
69160,0
23183,0
46274,0
86598,0
16591,0
73966,0
63194,0
85716,0
43062,0
6445,0
40593,0
79387,0
68534,0
59635,0
8562,0
21902,0
79147,0
33343,0
87598,0
10074,0
91439,0
86570,0
25529,0
63094,0
70297,0
32716,0
42068,0
11232,0
41419,0
43712,0
9332,0
58808,0
50375,0
45289,0
1836,0
84109,0
18398,0
16974,0
60175,0
73284,0
78256,0
72657,0
63340,0
50740,0
84697,0
79626,0
43183,0
23763,0
67271,0
65103,0
52311,0
4869,0
73027,0
79546,0
10248,0
20332,0
65308,0
47389,0
50225,0
66239,0
32703,0
30808,0
31642,0
27011,0
43875,0
61272,0
86850,0
8320,0
21042,0
24751,0
58548,0
66176,0
38012,0
83389,0
6567,0
11867,0
91926,0
61683,0
79284,0
37556,0
72184,0
38668,0
45604,0
37964,0
18324,0
8071,0
91017,0
62152,0
75425,0
6676,0
59286,0
6827,0
5577,0
85273,0
26066,0
18226,0
15493,0
92024,0
51575,0
84241,0
50906,0
48700,0
91611,0
62739,0
14856,0
92019,0
10269,0
72091,0
47181,0
31256,0
82346,0
79996,0
14390,0
19500,0
34115,0
4955,0
74986,0
73386,0
87268,0
77468,0
16722,0
29725,0
19011,0
90762,0
63448,0
82261,0
31492,0
25307,0
70319,0
91897,0
63836,0
24421,0
23929,0
42169,0
36437,0
62093,0
1145,0
852,0
29459,0
369,0
62309,0
31676,0
15016,0
50892,0
54824,0
76090,0
18655,0
23394,0
9383,0
66626,0
47664,0
67066,0
9305,0
62185,0
10825,0
66441,0
2923,0
11301,0
87798,0
93098,0
61995,0
47985,0
46629,0
59186,0
10216,0
75880,0
57024,0
87962,0
72986,0
81585,0
13330,0
39885,0
57755,0
85745,0
79586,0
82769,0
50778,0
74328,0
9962,0
54260,0
91353,0
57620,0
87181,0
24216,0
31210,0
496,0
10666,0
86498,0
2964,0
43471,0
45750,0
58128,0
77945,0
28906,0
51209,0
41613,0
87954,0
38583,0
24461,0
30199,0
86690,0
46671,0
31179,0
47646,0
56246,0
91868,0
15584,0
86957,0
45436,0
25830,0
18818,0
40606,0
17210,0
30654,0
54585,0
57714,0
85454,0
92250,0
32514,0
26643,0
23180,0
80594,0
17534,0
20521,0
5301,0
51787,0
86468,0
42999,0
64765,0
26827,0
70097,0
49872,0
14053,0
90385,0
13323,0
25211,0
52445,0
63628,0
40079,0
84586,0
51333,0
35268,0
835,0
87323,0
2482,0
20099,0
67334,0
64967,0
90620,0
26229,0
85338,0
28328,0
11401,0
40142,0
88729,0
21688,0
68760,0
40368,0
66915,0
64079,0
10246,0
37430,0
64127,0
91211,0
24504,0
45673,0
74933,0
6181,0
84144,0
13899,0
66523,0
7625,0
30495,0
32108,0
532,0
87083,0
56092,0
17963,0
72006,0
9294,0
8824,0
74438,0
52222,0
7963,0
75088,0
68439,0
49331,0
4959,0
10583,0
65239,0
80591,0
55390,0
14892,0
72395,0
41945,0
85516,0
55190,0
41266,0
12366,0
64216,0
63936,0
49679,0
571,0
87412,0
85334,0
91648,0
92864,0
4559,0
9244,0
59445,0
86738,0
83545,0
49269,0
7448,0
28418,0
34439,0
60633,0
87149,0
49427,0
59338,0
84798,0
36079,0
43966,0
87340,0
87847,0
40107,0
8228,0
6042,0
12958,0
11788,0
14439,0
33108,0
65744,0
69013,0
43188,0
49895,0
2540,0
40353,0
30946,0
27150,0
8477,0
92261,0
49053,0
23412,0
24760,0
78248,0
49498,0
26226,0
36180,0
80851,0
70423,0
11323,0
93421,0
45141,0
82117,0
7829,0
59659,0
11132,0
91616,0
91005,0
65445,0
23690,0
33847,0
149,0
3392,0
35367,0
62081,0
80290,0
65802,0
69134,0
17477,0
53212,0
7373,0
5789,0
37353,0
79931,0
45865,0
4719,0
38575,0
14806,0
43570,0
52015,0
30135,0
44841,0
52152,0
71715,0
7449,0
51997,0
38490,0
24864,0
58737,0
81861,0
13146,0
54764,0
32591,0
56748,0
26071,0
76943,0
33792,0
10930,0
59135,0
45754,0
2058,0
28069,0
91441,0
31814,0
22932,0
77009,0
9457,0
82011,0
65494,0
88798,0
79835,0
10554,0
80699,0
52456,0
87816,0
54286,0
54160,0
79857,0
50150,0
17042,0
63073,0
90424,0
35967,0
39348,0
29856,0
79257,0
78020,0
24104,0
66235,0
20179,0
62733,0
64971,0
33866,0
39616,0
24578,0
92824,0
34299,0
33971,0
20837,0
4451,0
19223,0
75023,0
93979,0
90107,0
81168,0
17693,0
2430,0
15237,0
2299,0
81214,0
21118,0
82703,0
40705,0
72574,0
61825,0
23021,0
92251,0
75011,0
84199,0
56493,0
72916,0
77312,0
85734,0
34339,0
33830,0
79507,0
58327,0
15258,0
39445,0
78534,0
35544,0
33666,0
30431,0
71649,0
13019,0
64439,0
77248,0
42465,0
27078,0
16189,0
35615,0
11693,0
65707,0
82392,0
12248,0
37699,0
5587,0
23981,0
69237,0
77594,0
164,0
32168,0
57936,0
35682,0
52113,0
5548,0
22996,0
32570,0
11072,0
9830,0
8924,0
14737,0
7273,0
61443,0
55986,0
16633,0
52397,0
86245,0
73871,0
37116,0
8554,0
23173,0
12821,0
39573,0
84531,0
28225,0
80717,0
25523,0
52382,0
62018,0
82268,0
33031,0
19216,0
44676,0
51507,0
40752,0
31458,0
54395,0
45717,0
64903,0
8025,0
42765,0
13068,0
34679,0
52009,0
33594,0
32057,0
66015,0
83699,0
84407,0
28340,0
61625,0
22758,0
59810,0
14285,0
78904,0
13525,0
39659,0
91125,0
19937,0
43285,0
28941,0
29181,0
37251,0
13814,0
69911,0
50049,0
68096,0
35056,0
8815,0
66635,0
59691,0
41020,0
16773,0
39331,0
72161,0
14601,0
80026,0
63580,0
14045,0
81124,0
89285,0
59423,0
25536,0
17024,0
82229,0
67280,0
75327,0
70437,0
10512,0
47652,0
32582,0
30486,0
81753,0
19322,0
27444,0
42750,0
7827,0
60542,0
5221,0
92805,0
27250,0
88755,0
42972,0
62635,0
36849,0
13937,0
82460,0
12919,0
3971,0
33267,0
31520,0
36177,0
31020,0
8034,0
89947,0
72103,0
20745,0
32656,0
30032,0
85796,0
42724,0
40504,0
64547,0
91405,0
66864,0
56186,0
74321,0
38775,0
58881,0
84116,0
66120,0
36121,0
81366,0
93934,0
17856,0
68139,0
26536,0
34868,0
93469,0
26644,0
6924,0
50977,0
75621,0
18685,0
81763,0
16353,0
23366,0
79391,0
22636,0
44823,0
21125,0
87987,0
39171,0
52565,0
20506,0
11389,0
21701,0
43680,0
45816,0
49747,0
65816,0
5390,0
63553,0
52185,0
25793,0
71866,0
74539,0
41754,0
66054,0
17345,0
41227,0
34897,0
81899,0
761,0
69736,0
91361,0
15479,0
25208,0
40724,0
12352,0
93693,0
48572,0
60295,0
91852,0
81364,0
86171,0
32829,0
12116,0
13086,0
2601,0
43227,0
89668,0
57602,0
64700,0
65012,0
56841,0
2900,0
15105,0
69856,0
40285,0
2904,0
38317,0
41307,0
38391,0
41629,0
59218,0
13803,0
22340,0
4426,0
47274,0
74501,0
56831,0
26582,0
79732,0
57709,0
18816,0
2038,0
12549,0
19829,0
59102,0
12590,0
44293,0
34671,0
82541,0
89868,0
41289,0
19265,0
79851,0
1313,0
30862,0
24904,0
21926,0
10267,0
38074,0
4474,0
2703,0
42382,0
3305,0
14576,0
91633,0
53441,0
8993,0
38037,0
56928,0
74209,0
59400,0
7990,0
16549,0
33225,0
62208,0
79518,0
90875,0
19284,0
83308,0
45142,0
58224,0
89429,0
51089,0
17131,0
59304,0
6863,0
668,0
61973,0
50602,0
48877,0
53766,0
46945,0
82327,0
303,0
31881,0
48444,0
11769,0
18727,0
69345,0
50343,0
16387,0
41654,0
87056,0
84177,0
90282,0
44266,0
52171,0
12998,0
90018,0
48455,0
83132,0
3753,0
43884,0
75900,0
14802,0
85189,0
83546,0
18452,0
76092,0
20317,0
80762,0
44315,0
77436,0
8565,0
36448,0
52259,0
48757,0
35990,0
73260,0
41337,0
9793,0
39391,0
66225,0
78490,0
30178,0
4013,0
36503,0
47791,0
76742,0
27145,0
29160,0
48240,0
54438,0
87135,0
91562,0
23027,0
83210,0
62976,0
40458,0
47341,0
85742,0
16418,0
38047,0
52716,0
58550,0
14252,0
29836,0
3647,0
81880,0
3149,0
963,0
76582,0
12780,0
85062,0
19855,0
89022,0
37551,0
15247,0
17225,0
92815,0
92822,0
44910,0
21246,0
64894,0
12904,0
61785,0
47328,0
48490,0
35073,0
87005,0
28388,0
33582,0
21331,0
20836,0
20908,0
58763,0
72265,0
6283,0
19591,0
47033,0
52823,0
51599,0
30897,0
81889,0
12939,0
55044,0
6866,0
53761,0
86352,0
46439,0
36776,0
43472,0
32058,0
84056,0
18933,0
70089,0
11817,0
45910,0
2218,0
35529,0
84850,0
40572,0
22835,0
12574,0
80304,0
75955,0
56312,0
34191,0
67875,0
34190,0
70022,0
72552,0
53502,0
67210,0
69985,0
45179,0
1528,0
87213,0
48557,0
37350,0
3361,0
4083,0
1206,0
83614,0
23306,0
38428,0
42526,0
46675,0
58067,0
77615,0
80578,0
68855,0
40245,0
6966,0
87369,0
676,0
1707,0
77338,0
51532,0
82351,0
16020,0
88071,0
49777,0
1385,0
66944,0
68722,0
42108,0
84069,0
47696,0
844,0
49571,0
61369,0
64789,0
87929,0
89777,0
10669,0
25816,0
6339,0
73663,0
58709,0
85546,0
20790,0
12965,0
12788,0
68583,0
19469,0
13769,0
77038,0
17926,0
65813,0
58277,0
34765,0
81115,0
54472,0
91022,0
47622,0
41225,0
64687,0
68448,0
6729,0
73998,0
45646,0
85124,0
50288,0
12576,0
52212,0
16240,0
74302,0
44160,0
29764,0
23534,0
75665,0
18680,0
25498,0
48975,0
38876,0
68132,0
47049,0
59123,0
2651,0
3434,0
62535,0
47451,0
28324,0
11574,0
73291,0
33945,0
12128,0
34806,0
79005,0
92844,0
62549,0
43003,0
75156,0
17229,0
20503,0
1911,0
84432,0
14363,0
27756,0
61139,0
60609,0
48631,0
65109,0
67861,0
23036,0
35547,0
84090,0
53589,0
31903,0
11135,0
3904,0
3764,0
40824,0
88557,0
78495,0
80363,0
64566,0
9670,0
26050,0
49738,0
8197,0
89526,0
7579,0
18916,0
18609,0
90681,0
89546,0
39416,0
70590,0
13541,0
55786,0
2600,0
27827,0
41719,0
53877,0
77190,0
21223,0
32149,0
10715,0
44380,0
41275,0
81846,0
84343,0
33378,0
60775,0
49986,0
29352,0
8785,0
65250,0
10947,0
24632,0
53028,0
38602,0
20066,0
30399,0
77205,0
48680,0
34046,0
42088,0
78569,0
47692,0
59462,0
20621,0
16589,0
19917,0
56446,0
93082,0
78283,0
27735,0
64887,0
14689,0
11193,0
58077,0
54442,0
701,0
67814,0
1541,0
15228,0
5133,0
56251,0
57798,0
18692,0
72009,0
9652,0
13573,0
48924,0
76184,0
27555,0
38641,0
71276,0
67650,0
26874,0
11694,0
93976,0
2435,0
37999,0
56519,0
58374,0
78202,0
90267,0
71083,0
51882,0
77841,0
90291,0
47465,0
71050,0
13697,0
79356,0
63071,0
29548,0
17612,0
25540,0
50448,0
59682,0
64026,0
14124,0
44677,0
25933,0
31745,0
32080,0
84604,0
61136,0
65230,0
36820,0
9770,0
32230,0
20002,0
86147,0
74663,0
6448,0
72746,0
70394,0
87198,0
34283,0
21060,0
73497,0
5867,0
50177,0
42922,0
16951,0
61757,0
23448,0
40919,0
39637,0
7119,0
75646,0
43439,0
69709,0
9866,0
37567,0
66161,0
88176,0
88591,0
14780,0
37424,0
43920,0
89636,0
36599,0
1245,0
16561,0
64485,0
49606,0
33138,0
44231,0
27651,0
19085,0
10955,0
41877,0
44204,0
67583,0
33509,0
28531,0
24118,0
58687,0
34062,0
84001,0
74391,0
61067,0
64064,0
76451,0
47055,0
11881,0
22512,0
21631,0
54306,0
91857,0
55006,0
36255,0
26909,0
62269,0
34947,0
16512,0
49358,0
86437,0
77689,0
68733,0
20722,0
60750,0
77484,0
75812,0
58679,0
81875,0
49485,0
18264,0
45980,0
88995,0
50506,0
85462,0
48017,0
4205,0
10722,0
44994,0
49570,0
23671,0
32258,0
63120,0
61267,0
28731,0
20617,0
4072,0
88408,0
20098,0
85758,0
11011,0
53875,0
65097,0
59006,0
60809,0
83307,0
44667,0
43204,0
66331,0
57995,0
75476,0
22650,0
43422,0
59043,0
12673,0
29432,0
2021,0
55575,0
85039,0
19411,0
91618,0
3012,0
6355,0
92531,0
76414,0
33700,0
21356,0
66950,0
65379,0
30069,0
81260,0
65972,0
85835,0
19408,0
58608,0
49974,0
42458,0
52371,0
3097,0
60381,0
30877,0
23020,0
52568,0
83583,0
24492,0
53163,0
17055,0
55248,0
39791,0
26557,0
3271,0
17892,0
25724,0
87009,0
84158,0
6796,0
60358,0
56908,0
11169,0
10471,0
19003,0
89755,0
38221,0
87254,0
40157,0
50264,0
56394,0
33613,0
58050,0
11446,0
60516,0
89129,0
92937,0
57408,0
8193,0
18440,0
44342,0
21436,0
90464,0
40927,0
46572,0
50918,0
11862,0
8861,0
19535,0
35888,0
69552,0
74461,0
34693,0
8103,0
3922,0
35019,0
74348,0
42722,0
88368,0
89776,0
89196,0
86997,0
52348,0
10021,0
55488,0
76894,0
74030,0
21373,0
22806,0
33399,0
63617,0
83127,0
16144,0
85573,0
43334,0
74821,0
26836,0
51282,0
70015,0
25994,0
55057,0
41268,0
36489,0
61241,0
23477,0
38844,0
85640,0
74703,0
91060,0
82652,0
67818,0
9198,0
65726,0
8366,0
21669,0
15394,0
60684,0
50932,0
81832,0
50919,0
39124,0
35897,0
18024,0
12089,0
22143,0
71542,0
1205,0
74074,0
52336,0
542,0
80927,0
59634,0
42567,0
56744,0
86469,0
86622,0
61606,0
88584,0
90793,0
61980,0
12057,0
68717,0
64914,0
57002,0
44279,0
16600,0
36821,0
67173,0
72658,0
40553,0
75048,0
2165,0
49472,0
10261,0
88625,0
65940,0
69064,0
4231,0
68646,0
48454,0
87287,0
68255,0
49564,0
12496,0
53645,0
90281,0
80531,0
72056,0
49559,0
61214,0
26977,0
7244,0
72478,0
38267,0
72563,0
45666,0
70391,0
48893,0
74276,0
34054,0
76185,0
33253,0
38083,0
29296,0
61969,0
8865,0
69956,0
73175,0
78492,0
82001,0
5306,0
39310,0
74805,0
87269,0
5078,0
31217,0
21050,0
63614,0
49864,0
50187,0
42801,0
18442,0
58785,0
67118,0
87853,0
61855,0
58362,0
41152,0
69621,0
19825,0
67031,0
78250,0
78967,0
45700,0
59055,0
50082,0
18441,0
38808,0
87846,0
43398,0
84256,0
7080,0
29247,0
12997,0
37991,0
87165,0
38848,0
76730,0
74881,0
176,0
11880,0
87499,0
33523,0
91690,0
80243,0
54324,0
35852,0
45565,0
8929,0
76105,0
56674,0
71066,0
66158,0
59754,0
58014,0
23295,0
87891,0
51019,0
27127,0
26796,0
45899,0
51146,0
34362,0
65291,0
18766,0
37249,0
92260,0
10943,0
1721,0
88523,0
78172,0
13528,0
44005,0
10070,0
81208,0
23943,0
4434,0
46135,0
89889,0
41211,0
58770,0
36421,0
38718,0
50597,0
52592,0
51204,0
8175,0
34369,0
1572,0
39673,0
20016,0
26616,0
41116,0
8702,0
43773,0
23229,0
31171,0
7115,0
66963,0
10514,0
57982,0
17704,0
70667,0
60284,0
35126,0
65338,0
2020,0
84410,0
89563,0
23619,0
46485,0
10853,0
6742,0
27183,0
59058,0
15687,0
16442,0
37516,0
90430,0
48922,0
74656,0
84615,0
38036,0
32234,0
15560,0
34142,0
72172,0
6171,0
73885,0
42471,0
10328,0
68182,0
26339,0
76439,0
12303,0
84849,0
52937,0
25504,0
18788,0
10717,0
16390,0
18228,0
66891,0
15629,0
43568,0
71508,0
88535,0
56636,0
27639,0
24608,0
2395,0
28347,0
92094,0
82035,0
27597,0
3396,0
70207,0
11407,0
71353,0
73376,0
34170,0
36369,0
82901,0
37696,0
31369,0
24551,0
8600,0
47184,0
49504,0
79947,0
15769,0
71104,0
55187,0
16712,0
43022,0
293,0
69950,0
4296,0
83125,0
70524,0
35460,0
74757,0
59120,0
1934,0
92470,0
13742,0
83952,0
3197,0
1640,0
63894,0
45430,0
69429,0
71306,0
82282,0
40385,0
28034,0
29434,0
3405,0
92380,0
4775,0
35496,0
61952,0
42432,0
66083,0
68908,0
67968,0
28024,0
53475,0
47456,0
81306,0
64213,0
48430,0
40524,0
68888,0
74041,0
54457,0
31387,0
44876,0
28372,0
47151,0
86195,0
85896,0
41036,0
90842,0
86409,0
80241,0
9245,0
8296,0
1181,0
15787,0
68695,0
71436,0
82987,0
91380,0
73073,0
77016,0
39375,0
81066,0
89644,0
78520,0
45891,0
4437,0
87152,0
40961,0
71129,0
28387,0
48466,0
19379,0
81370,0
39808,0
18828,0
81893,0
29796,0
71877,0
21467,0
71250,0
40939,0
34255,0
1262,0
86497,0
8233,0
30183,0
83717,0
57852,0
59620,0
61182,0
12156,0
34824,0
84972,0
48097,0
22490,0
54971,0
37432,0
23655,0
88149,0
90024,0
1828,0
88279,0
79067,0
48613,0
65150,0
68559,0
87348,0
68370,0
73996,0
14329,0
90660,0
42690,0
22916,0
38980,0
47583,0
68266,0
53593,0
86258,0
14763,0
78141,0
83510,0
70961,0
45245,0
40955,0
2428,0
84624,0
10450,0
14300,0
19023,0
87371,0
26587,0
40111,0
59133,0
87517,0
24888,0
7747,0
9155,0
66108,0
60453,0
3804,0
93283,0
31088,0
39752,0
56801,0
7695,0
76976,0
24553,0
12035,0
82647,0
85886,0
16681,0
31870,0
3306,0
13642,0
42189,0
73536,0
39227,0
22083,0
16689,0
36534,0
20395,0
27599,0
82411,0
36462,0
35961,0
7339,0
36418,0
68854,0
29020,0
6074,0
41645,0
1138,0
13999,0
39641,0
42561,0
89723,0
50466,0
3466,0
86575,0
50390,0
35943,0
91884,0
37959,0
68284,0
45950,0
57657,0
2591,0
61179,0
59491,0
1925,0
47935,0
88280,0
40897,0
49006,0
12656,0
32093,0
72377,0
42312,0
52660,0
36805,0
64532,0
17222,0
23783,0
56705,0
66313,0
6481,0
16857,0
14913,0
64872,0
17159,0
24581,0
28383,0
64151,0
47470,0
71289,0
74771,0
24544,0
58392,0
41570,0
69261,0
9519,0
5644,0
16140,0
75148,0
39648,0
23399,0
18832,0
22498,0
50414,0
87855,0
76529,0
90786,0
73717,0
79517,0
46093,0
36311,0
33908,0
57797,0
28179,0
32264,0
16575,0
70347,0
85015,0
80647,0
76041,0
37832,0
64250,0
43515,0
62183,0
10525,0
43724,0
77173,0
19545,0
68548,0
10989,0
57640,0
46835,0
3948,0
60323,0
47289,0
87138,0
83967,0
76022,0
87599,0
32951,0
40952,0
4859,0
51120,0
66047,0
48294,0
83119,0
41794,0
2735,0
11742,0
7378,0
36891,0
33122,0
40503,0
57918,0
77933,0
61159,0
36949,0
14652,0
40283,0
87879,0
29241,0
72204,0
853,0
40513,0
49596,0
58031,0
13575,0
12491,0
12582,0
55785,0
48337,0
18492,0
84583,0
65497,0
22958,0
16337,0
4331,0
70948,0
18731,0
61646,0
83062,0
50502,0
32740,0
48804,0
32203,0
75312,0
36480,0
2780,0
8488,0
26380,0
2071,0
21786,0
27148,0
45232,0
67603,0
87693,0
39335,0
48703,0
2912,0
78016,0
76167,0
70418,0
72875,0
60185,0
46919,0
72286,0
6803,0
31270,0
72079,0
64589,0
52364,0
27159,0
12424,0
91591,0
91994,0
48127,0
78470,0
40883,0
62158,0
87157,0
79004,0
21901,0
42028,0
58504,0
12745,0
19004,0
92200,0
3879,0
4571,0
76628,0
7947,0
23257,0
37904,0
49027,0
51322,0
86719,0
93794,0
38071,0
77789,0
39990,0
25770,0
45952,0
69016,0
49528,0
61739,0
62112,0
19553,0
4495,0
21963,0
91714,0
41895,0
4130,0
6499,0
32519,0
87001,0
68638,0
52759,0
83827,0
56525,0
92563,0
52675,0
78131,0
59078,0
48331,0
31106,0
36629,0
22740,0
59178,0
89822,0
41096,0
78004,0
69377,0
19921,0
78884,0
22117,0
1340,0
66873,0
81587,0
15052,0
79844,0
11818,0
43932,0
13817,0
57752,0
7834,0
42995,0
4243,0
30846,0
33297,0
34185,0
59024,0
83961,0
30599,0
36367,0
76466,0
4555,0
62824,0
63582,0
74372,0
49446,0
19803,0
90319,0
93257,0
53458,0
50736,0
87101,0
45442,0
45356,0
80999,0
36052,0
64891,0
82118,0
45540,0
83290,0
16066,0
66311,0
10420,0
3913,0
82644,0
53256,0
77075,0
90143,0
34591,0
62370,0
17677,0
63085,0
8200,0
52455,0
88209,0
36047,0
64100,0
44383,0
56829,0
10090,0
8218,0
10467,0
55697,0
11552,0
52080,0
68339,0
68924,0
81172,0
49454,0
53821,0
3708,0
54709,0
11225,0
446,0
68783,0
49073,0
69458,0
52266,0
43511,0
81573,0
28080,0
55610,0
65117,0
15556,0
84640,0
31850,0
57728,0
65778,0
70110,0
2313,0
45745,0
65223,0
3127,0
29666,0
7144,0
47714,0
20494,0
84,0
3308,0
21437,0
77929,0
2402,0
46507,0
27272,0
840,0
92338,0
30040,0
91352,0
19035,0
60298,0
64999,0
11892,0
42197,0
37484,0
8094,0
34745,0
38320,0
77917,0
82873,0
32546,0
21823,0
91957,0
56547,0
45937,0
20958,0
34543,0
11303,0
68103,0
69162,0
18974,0
91451,0
86363,0
73337,0
58556,0
51986,0
89247,0
33798,0
62680,0
18274,0
75714,0
59632,0
27625,0
25762,0
92098,0
33869,0
73071,0
11848,0
21609,0
40776,0
36224,0
14004,0
32782,0
14072,0
42653,0
76724,0
78266,0
79409,0
67451,0
82130,0
66064,0
32304,0
10425,0
65344,0
73192,0
80186,0
12611,0
10322,0
74036,0
77309,0
77088,0
53487,0
52249,0
60413,0
76815,0
20626,0
83855,0
17484,0
61696,0
73791,0
66329,0
15958,0
83295,0
88873,0
14095,0
40388,0
72052,0
66776,0
51533,0
62587,0
78606,0
38214,0
63192,0
69092,0
11137,0
66506,0
81697,0
59479,0
54643,0
12051,0
75404,0
87103,0
73086,0
15091,0
89844,0
56037,0
47989,0
34499,0
74458,0
86554,0
51992,0
89179,0
48357,0
8082,0
55948,0
60536,0
22441,0
74236,0
34285,0
90406,0
52673,0
65982,0
23012,0
59453,0
85269,0
62923,0
52413,0
65790,0
26573,0
32643,0
9931,0
90665,0
75952,0
51290,0
41657,0
72721,0
42313,0
43638,0
69131,0
77885,0
68850,0
45912,0
988,0
27362,0
70773,0
55182,0
8927,0
27832,0
66406,0
25033,0
12005,0
83873,0
4560,0
80212,0
20556,0
63508,0
44119,0
61916,0
75337,0
53800,0
67433,0
21700,0
63569,0
73278,0
21994,0
36202,0
13880,0
85388,0
2553,0
82186,0
25435,0
39794,0
37875,0
35117,0
669,0
62461,0
19275,0
49728,0
60954,0
15393,0
3057,0
47326,0
65489,0
85520,0
91955,0
37931,0
80030,0
15198,0
56392,0
49295,0
64174,0
8571,0
63210,0
91845,0
32727,0
55649,0
54659,0
65126,0
51366,0
12635,0
8787,0
88489,0
57395,0
78237,0
18733,0
31257,0
27328,0
25782,0
64550,0
75206,0
10580,0
60292,0
77079,0
67377,0
28734,0
46936,0
69502,0
64214,0
30684,0
91302,0
57449,0
77634,0
505,0
64521,0
21302,0
20935,0
79169,0
37737,0
5292,0
47785,0
59801,0
23419,0
93607,0
36468,0
70520,0
23014,0
63994,0
77725,0
75422,0
39596,0
46282,0
74351,0
68704,0
35498,0
13881,0
59575,0
84746,0
6139,0
33566,0
15177,0
18346,0
5063,0
32715,0
55733,0
84156,0
23759,0
49604,0
42762,0
85364,0
63121,0
83434,0
66486,0
38191,0
19657,0
30844,0
73226,0
41114,0
41683,0
80871,0
48593,0
76047,0
79190,0
47727,0
30361,0
82422,0
13950,0
9877,0
25602,0
38902,0
87347,0
84575,0
36916,0
36262,0
75688,0
70835,0
34259,0
17842,0
59974,0
50350,0
89662,0
73259,0
31151,0
82959,0
25720,0
16405,0
15823,0
81118,0
69326,0
70381,0
34939,0
20153,0
20280,0
47051,0
35910,0
93912,0
229,0
11874,0
71697,0
33357,0
68963,0
53416,0
67847,0
34981,0
65151,0
82941,0
3731,0
75217,0
35661,0
53168,0
6502,0
82603,0
36538,0
42184,0
10710,0
838,0
88454,0
45029,0
71624,0
14789,0
87409,0
72685,0
87808,0
2871,0
2374,0
90472,0
50957,0
59563,0
27040,0
58531,0
63095,0
83015,0
34392,0
40835,0
16041,0
29353,0
92647,0
4843,0
86660,0
78318,0
81235,0
52996,0
74542,0
24949,0
76277,0
76285,0
52932,0
41979,0
84973,0
14373,0
9928,0
21536,0
85348,0
17901,0
32442,0
21727,0
40653,0
51710,0
44584,0
35482,0
42707,0
79200,0
88697,0
2741,0
8938,0
12683,0
46181,0
57489,0
59004,0
3999,0
12318,0
30271,0
75769,0
50612,0
20659,0
66714,0
68365,0
87036,0
22056,0
86569,0
81398,0
336,0
30824,0
82930,0
35796,0
32116,0
16279,0
93982,0
41954,0
74017,0
342,0
68620,0
1006,0
69872,0
33743,0
42496,0
32308,0
28097,0
77054,0
76644,0
74802,0
59392,0
45223,0
9288,0
14399,0
21076,0
87171,0
88008,0
35414,0
59283,0
17087,0
72936,0
71456,0
34592,0
37433,0
66149,0
7699,0
6630,0
71902,0
68062,0
42078,0
64306,0
71830,0
13332,0
45167,0
7480,0
19414,0
1974,0
133,0
37058,0
91099,0
52886,0
75200,0
68511,0
46247,0
67076,0
63345,0
56896,0
34525,0
27711,0
12246,0
71793,0
16208,0
81224,0
18602,0
19951,0
85236,0
73752,0
83205,0
70222,0
67973,0
64241,0
46152,0
27046,0
90255,0
25183,0
2791,0
3670,0
34094,0
33694,0
66145,0
51069,0
15361,0
49125,0
75473,0
22753,0
72167,0
51349,0
32838,0
58845,0
65208,0
55743,0
18356,0
43581,0
59755,0
51955,0
14421,0
89988,0
56808,0
17989,0
6928,0
16902,0
33041,0
30722,0
33723,0
45236,0
74534,0
75361,0
63610,0
3937,0
4890,0
13415,0
76218,0
69317,0
91084,0
59717,0
26549,0
47980,0
25508,0
29672,0
79908,0
30158,0
10842,0
11121,0
88477,0
84904,0
19259,0
31660,0
30885,0
31326,0
33019,0
41082,0
93356,0
68629,0
15025,0
72032,0
83808,0
11506,0
81602,0
18554,0
44745,0
68563,0
78576,0
78452,0
71381,0
81354,0
9012,0
83602,0
18740,0
45376,0
21176,0
29681,0
51292,0
50334,0
67298,0
11368,0
18619,0
48791,0
67404,0
76701,0
6085,0
27729,0
20351,0
319,0
10405,0
71831,0
81028,0
58619,0
10005,0
3790,0
60009,0
83736,0
84792,0
67687,0
51617,0
7968,0
19809,0
92887,0
51673,0
602,0
68737,0
31865,0
58501,0
50819,0
76124,0
88222,0
4180,0
17259,0
21451,0
60973,0
9319,0
13173,0
15136,0
83372,0
91753,0
78409,0
11686,0
6651,0
12802,0
77214,0
25431,0
73222,0
26142,0
580,0
7583,0
89015,0
46295,0
16232,0
38292,0
71106,0
47820,0
20190,0
83396,0
57497,0
20188,0
1377,0
2246,0
31839,0
47131,0
61986,0
36858,0
76957,0
8653,0
26247,0
9632,0
70371,0
74345,0
24655,0
9403,0
22643,0
32934,0
58415,0
67195,0
88984,0
30560,0
4256,0
16255,0
66468,0
18804,0
84839,0
92970,0
3286,0
51998,0
21731,0
37577,0
85911,0
56455,0
3976,0
50292,0
34635,0
64415,0
34998,0
21725,0
20092,0
34708,0
33264,0
91551,0
17106,0
3825,0
78187,0
53077,0
92780,0
76166,0
33163,0
40039,0
74714,0
32385,0
20144,0
54509,0
22453,0
84166,0
26433,0
16918,0
26967,0
31398,0
91318,0
2638,0
562,0
80406,0
7796,0
57829,0
23913,0
35917,0
16436,0
30641,0
18633,0
54228,0
1059,0
14313,0
70234,0
57529,0
27667,0
92819,0
12888,0
80159,0
80327,0
24440,0
18636,0
11501,0
60216,0
9031,0
77748,0
48243,0
23149,0
36669,0
82791,0
86779,0
57662,0
74198,0
36013,0
91305,0
33970,0
75086,0
71769,0
63016,0
78412,0
29907,0
5599,0
1069,0
58618,0
89642,0
7032,0
70824,0
7323,0
75233,0
82538,0
93774,0
57191,0
64803,0
83844,0
38025,0
12402,0
6024,0
83437,0
44752,0
64153,0
52469,0
55853,0
71265,0
25804,0
23219,0
33170,0
2525,0
38900,0
5579,0
22071,0
46067,0
65388,0
13559,0
43360,0
70579,0
25731,0
34979,0
14424,0
33424,0
59461,0
54699,0
47176,0
12670,0
45814,0
32941,0
16132,0
93586,0
62759,0
44172,0
10392,0
89513,0
91273,0
93123,0
13082,0
80510,0
65855,0
8916,0
46273,0
80621,0
11482,0
70256,0
50985,0
17870,0
69561,0
34394,0
1354,0
35938,0
54217,0
35786,0
77589,0
70900,0
61275,0
18549,0
79665,0
64329,0
85642,0
44393,0
54909,0
56813,0
43723,0
73734,0
31927,0
31961,0
54663,0
36130,0
21209,0
20292,0
79781,0
63369,0
36171,0
59411,0
60834,0
44004,0
83141,0
45693,0
14259,0
25949,0
8583,0
33795,0
66086,0
30929,0
89521,0
85578,0
75410,0
7462,0
38118,0
63960,0
64188,0
72914,0
2646,0
14450,0
54883,0
7988,0
14511,0
64078,0
44138,0
65095,0
60444,0
52879,0
60849,0
27642,0
86594,0
33844,0
48934,0
8795,0
76009,0
15752,0
71290,0
19501,0
79963,0
69870,0
7867,0
45550,0
60976,0
92560,0
51336,0
35053,0
21404,0
25412,0
77879,0
90930,0
24479,0
50111,0
41512,0
79541,0
45830,0
33388,0
51845,0
5994,0
68961,0
15369,0
81901,0
83438,0
72681,0
62816,0
13160,0
85530,0
74479,0
22632,0
41056,0
79707,0
38732,0
4526,0
44574,0
93316,0
80852,0
92568,0
74749,0
15794,0
41849,0
62998,0
77938,0
93276,0
76287,0
30212,0
25960,0
15970,0
16972,0
75179,0
12050,0
22098,0
23893,0
86762,0
15624,0
46470,0
17800,0
62283,0
10603,0
1849,0
93544,0
48677,0
69430,0
47058,0
21628,0
79521,0
90623,0
2495,0
23628,0
12012,0
48692,0
11907,0
82595,0
44971,0
13651,0
70729,0
7006,0
57486,0
37969,0
86386,0
45818,0
15448,0
90904,0
64747,0
13458,0
38104,0
60178,0
32905,0
68667,0
9495,0
159,0
46148,0
39588,0
57998,0
73951,0
45831,0
27299,0
44427,0
68024,0
10478,0
6703,0
37659,0
6306,0
47059,0
52018,0
80678,0
31406,0
20967,0
13686,0
20194,0
53708,0
39401,0
73174,0
9818,0
43865,0
48920,0
83624,0
22538,0
6955,0
91919,0
17993,0
63408,0
49726,0
57767,0
24039,0
78424,0
75376,0
87675,0
59021,0
17411,0
57924,0
14163,0
43162,0
14048,0
57006,0
20020,0
130,0
65492,0
31453,0
47123,0
89954,0
63884,0
7514,0
7087,0
70806,0
29763,0
75026,0
66188,0
74282,0
11131,0
41120,0
28424,0
68742,0
35049,0
87112,0
22062,0
27007,0
75005,0
10357,0
82497,0
60945,0
84600,0
37376,0
48967,0
10774,0
8966,0
80361,0
67310,0
71455,0
93921,0
39257,0
70242,0
940,0
72046,0
48402,0
71806,0
35749,0
25477,0
38707,0
40658,0
17593,0
8905,0
23606,0
21538,0
63963,0
82203,0
5850,0
32114,0
91435,0
50499,0
43870,0
76117,0
17569,0
79803,0
85400,0
52059,0
14326,0
51501,0
32784,0
42631,0
4482,0
66181,0
53227,0
51574,0
75142,0
66095,0
62657,0
9529,0
23025,0
12115,0
17664,0
73050,0
92154,0
84457,0
50682,0
86905,0
30556,0
39977,0
7966,0
28116,0
22403,0
89338,0
1396,0
80477,0
23317,0
40517,0
81878,0
53781,0
22189,0
76719,0
32351,0
92195,0
48641,0
2410,0
30588,0
6385,0
85105,0
33661,0
11896,0
25663,0
9251,0
65523,0
31950,0
37345,0
70971,0
17156,0
60637,0
16998,0
37337,0
81000,0
49887,0
15635,0
1295,0
24673,0
9970,0
30434,0
56503,0
65525,0
45618,0
46123,0
62471,0
89164,0
81526,0
66345,0
4503,0
30551,0
69554,0
84513,0
59772,0
69697,0
66696,0
4631,0
77611,0
13988,0
52272,0
77002,0
72849,0
84657,0
17883,0
77935,0
56612,0
3784,0
76621,0
87951,0
78017,0
53859,0
93401,0
15082,0
41159,0
9601,0
29795,0
76188,0
22361,0
10935,0
81843,0
11255,0
49101,0
51194,0
10996,0
56933,0
37853,0
82625,0
50867,0
43556,0
62102,0
55502,0
61524,0
13075,0
83252,0
56929,0
70769,0
65356,0
1664,0
31054,0
81920,0
20489,0
87966,0
61242,0
23345,0
18361,0
18937,0
75889,0
87228,0
77556,0
9512,0
69510,0
28432,0
87046,0
36144,0
57571,0
20069,0
39419,0
61284,0
81209,0
86361,0
40365,0
66587,0
68314,0
78844,0
55420,0
28899,0
87449,0
71307,0
33663,0
20956,0
7715,0
37724,0
89922,0
48482,0
64173,0
32735,0
5291,0
49138,0
90571,0
66318,0
56556,0
25044,0
42067,0
56980,0
25047,0
90539,0
44673,0
10518,0
83485,0
91168,0
14773,0
16894,0
50437,0
24379,0
6270,0
26063,0
28496,0
2290,0
57237,0
78764,0
83997,0
14403,0
57085,0
88528,0
17935,0
29435,0
27134,0
74923,0
88619,0
66371,0
61921,0
10495,0
85948,0
66172,0
48642,0
38800,0
52577,0
45662,0
91790,0
57105,0
22730,0
69416,0
84623,0
69323,0
20734,0
28735,0
32159,0
54833,0
39394,0
72145,0
5492,0
40382,0
9268,0
74318,0
32088,0
23433,0
84789,0
25220,0
81975,0
17261,0
45001,0
5547,0
10085,0
7742,0
20295,0
70871,0
58265,0
17088,0
6026,0
44112,0
56957,0
6888,0
6691,0
43995,0
55315,0
58644,0
20484,0
85247,0
46498,0
62620,0
42926,0
23607,0
27519,0
9384,0
13423,0
27942,0
13189,0
65713,0
7215,0
9040,0
31180,0
6320,0
87872,0
66260,0
32156,0
69068,0
36118,0
6056,0
64065,0
21824,0
67382,0
44463,0
8549,0
15332,0
53990,0
75890,0
32379,0
18548,0
40992,0
66013,0
28139,0
57672,0
28192,0
57789,0
17197,0
16809,0
23923,0
51460,0
25070,0
93203,0
37266,0
16252,0
88395,0
87620,0
32244,0
31335,0
68566,0
90117,0
56035,0
50782,0
45113,0
8057,0
32477,0
71931,0
69028,0
88844,0
75151,0
85891,0
13120,0
86071,0
36175,0
63124,0
17216,0
75427,0
14168,0
43836,0
37601,0
78299,0
68660,0
56169,0
86333,0
63126,0
63668,0
29391,0
93938,0
8937,0
85956,0
1733,0
13699,0
93739,0
69404,0
70620,0
59775,0
60270,0
29892,0
20724,0
43994,0
56461,0
53161,0
54447,0
25814,0
22745,0
82699,0
30418,0
33025,0
60115,0
75269,0
12298,0
89071,0
60917,0
36459,0
91360,0
40310,0
33785,0
58297,0
19841,0
23746,0
19671,0
64514,0
61611,0
71226,0
82698,0
82786,0
20890,0
33670,0
87111,0
12387,0
20062,0
30007,0
12,0
10979,0
11586,0
42300,0
22859,0
61209,0
52529,0
77793,0
60607,0
25912,0
44688,0
42819,0
77251,0
12519,0
16202,0
72792,0
84528,0
43516,0
50773,0
60316,0
59492,0
24529,0
87280,0
27747,0
29440,0
74227,0
49007,0
30014,0
21189,0
88437,0
27422,0
9098,0
77912,0
37625,0
19901,0
1130,0
6312,0
9232,0
56217,0
42073,0
2086,0
59519,0
12106,0
38719,0
92273,0
68532,0
93169,0
12892,0
25962,0
58541,0
49704,0
8075,0
45610,0
40220,0
4257,0
50874,0
47711,0
43428,0
68530,0
38831,0
28815,0
85438,0
39649,0
42243,0
33159,0
21007,0
11588,0
77081,0
10461,0
52853,0
1289,0
4633,0
90639,0
15474,0
23,0
19609,0
78690,0
31047,0
22001,0
39165,0
49128,0
83581,0
65952,0
9126,0
21015,0
26366,0
83517,0
62144,0
4968,0
25757,0
47441,0
34322,0
61879,0
54346,0
54112,0
57308,0
44346,0
64025,0
90679,0
43973,0
13635,0
48397,0
85301,0
40781,0
9937,0
19667,0
47457,0
5382,0
37744,0
80434,0
66125,0
21695,0
82490,0
76876,0
84519,0
41854,0
22692,0
84610,0
65956,0
29298,0
54157,0
60116,0
3499,0
41118,0
41128,0
19777,0
47802,0
38552,0
29038,0
35446,0
46128,0
19424,0
28354,0
21795,0
36792,0
74926,0
54519,0
54601,0
34288,0
79645,0
28547,0
68864,0
11940,0
42371,0
11342,0
47368,0
93210,0
29610,0
87381,0
10242,0
52033,0
26410,0
36644,0
70694,0
50537,0
45155,0
13920,0
46307,0
59516,0
47072,0
70713,0
12458,0
33816,0
40332,0
79397,0
4516,0
60652,0
78915,0
37712,0
17572,0
14706,0
3421,0
18056,0
19410,0
88527,0
59183,0
73999,0
88646,0
11861,0
916,0
24896,0
93280,0
46687,0
1685,0
91704,0
62201,0
77625,0
6089,0
26351,0
5696,0
45073,0
82946,0
31634,0
45064,0
34189,0
36963,0
9076,0
65387,0
24878,0
61026,0
48157,0
49983,0
56230,0
21394,0
74153,0
19546,0
1316,0
48715,0
40884,0
11657,0
3497,0
22647,0
2583,0
57427,0
6518,0
11436,0
30140,0
38773,0
56671,0
26317,0
16565,0
5175,0
55724,0
27995,0
56949,0
78583,0
3415,0
48356,0
34398,0
74367,0
81158,0
23300,0
44600,0
67384,0
13555,0
21635,0
65843,0
28073,0
20233,0
86034,0
25946,0
19735,0
3462,0
92929,0
22579,0
59836,0
45922,0
11901,0
68326,0
62866,0
67225,0
22470,0
78091,0
91276,0
2726,0
89690,0
23071,0
60674,0
802,0
38232,0
30241,0
67040,0
26842,0
29660,0
35016,0
1762,0
70676,0
41666,0
38211,0
93897,0
11040,0
26414,0
28117,0
32565,0
47259,0
21385,0
82216,0
59485,0
82933,0
53506,0
3023,0
47476,0
26992,0
17353,0
85074,0
76816,0
51454,0
29061,0
17431,0
73652,0
75138,0
71765,0
7409,0
89672,0
63136,0
92551,0
60124,0
36031,0
33488,0
75657,0
72528,0
86096,0
57099,0
20814,0
23486,0
12084,0
7735,0
155,0
88530,0
84210,0
46651,0
61898,0
43557,0
45508,0
57183,0
44892,0
85649,0
85910,0
11997,0
79675,0
62953,0
52230,0
2463,0
65797,0
19649,0
38824,0
57821,0
18753,0
70263,0
91541,0
8050,0
15457,0
82119,0
9573,0
40199,0
51142,0
91713,0
38187,0
11884,0
88695,0
58554,0
41205,0
78306,0
87837,0
23764,0
76445,0
46873,0
19915,0
43130,0
63558,0
10699,0
57751,0
35761,0
85223,0
16284,0
12227,0
85824,0
41916,0
29176,0
72483,0
32730,0
28368,0
23279,0
93480,0
79643,0
40556,0
27574,0
34859,0
45733,0
75364,0
85874,0
47653,0
78943,0
36679,0
40375,0
31537,0
80846,0
49857,0
30149,0
40968,0
82663,0
36274,0
79694,0
39129,0
61370,0
90067,0
70239,0
24446,0
25842,0
36757,0
45387,0
79934,0
6817,0
79899,0
37214,0
30329,0
64290,0
91432,0
82059,0
52148,0
20950,0
85286,0
85612,0
40398,0
88908,0
55937,0
33533,0
56944,0
8342,0
80370,0
39619,0
20543,0
70957,0
28991,0
19849,0
39206,0
62061,0
40030,0
35398,0
48104,0
42152,0
41311,0
78813,0
13798,0
79386,0
15363,0
63568,0
63164,0
17325,0
68358,0
76008,0
71110,0
87389,0
3031,0
49908,0
43965,0
37349,0
88023,0
86426,0
80534,0
21603,0
60211,0
20401,0
5477,0
13316,0
8954,0
76884,0
33948,0
69083,0
60269,0
807,0
28787,0
37639,0
73614,0
63625,0
33128,0
16723,0
38441,0
15522,0
61397,0
22595,0
19704,0
4564,0
64074,0
43066,0
93553,0
81924,0
2251,0
69483,0
31452,0
84504,0
15165,0
1636,0
91548,0
14118,0
15012,0
50988,0
59915,0
60467,0
11760,0
42798,0
93800,0
19360,0
59692,0
12091,0
36768,0
47399,0
44041,0
26089,0
5131,0
68862,0
40869,0
80057,0
17311,0
15077,0
47752,0
54590,0
50191,0
10768,0
87594,0
20609,0
60714,0
83477,0
11187,0
72713,0
78532,0
15940,0
16529,0
46016,0
3763,0
51931,0
41674,0
73838,0
30410,0
58621,0
28425,0
43859,0
28111,0
76697,0
25742,0
65272,0
83554,0
60929,0
57404,0
53814,0
80442,0
54980,0
56512,0
85132,0
53306,0
50701,0
5419,0
27872,0
59199,0
11120,0
66607,0
39711,0
46783,0
9258,0
42543,0
32301,0
83333,0
88398,0
50746,0
43828,0
4398,0
71575,0
24011,0
32560,0
21051,0
86734,0
12229,0
51600,0
1501,0
9709,0
67651,0
66739,0
61588,0
75362,0
34224,0
84716,0
45330,0
47678,0
56472,0
16977,0
86310,0
46976,0
65695,0
60626,0
24650,0
68492,0
84514,0
27542,0
59978,0
84173,0
29699,0
78052,0
93122,0
83929,0
87544,0
21426,0
90943,0
58329,0
2417,0
20850,0
32974,0
4022,0
647,0
78150,0
20923,0
80645,0
43799,0
77458,0
51419,0
78191,0
81672,0
91197,0
31837,0
26665,0
65118,0
31402,0
28337,0
82003,0
69248,0
48464,0
51859,0
53346,0
53855,0
24037,0
50118,0
87988,0
36084,0
38519,0
91387,0
70380,0
21005,0
15506,0
6556,0
54052,0
87086,0
1858,0
73380,0
42694,0
57682,0
37263,0
43807,0
73439,0
85359,0
44546,0
53141,0
60563,0
21029,0
83137,0
58512,0
74839,0
52182,0
41155,0
23185,0
20741,0
87494,0
89011,0
76073,0
47702,0
38236,0
30156,0
11483,0
72519,0
13765,0
5368,0
82653,0
3783,0
6095,0
73711,0
17109,0
43896,0
93895,0
64294,0
1213,0
62302,0
13100,0
66639,0
71024,0
13846,0
73364,0
19409,0
73987,0
40380,0
79138,0
6422,0
23508,0
19687,0
16161,0
53776,0
27539,0
56964,0
75798,0
41290,0
30856,0
33504,0
60534,0
87191,0
83800,0
57357,0
70019,0
81764,0
7694,0
89589,0
89635,0
67725,0
5313,0
10963,0
38445,0
71723,0
66549,0
77766,0
34715,0
71116,0
17751,0
87645,0
24182,0
92382,0
8470,0
40137,0
64989,0
33790,0
3224,0
48453,0
53107,0
49975,0
60698,0
90378,0
28371,0
29565,0
42802,0
36247,0
51493,0
91771,0
27884,0
87937,0
4667,0
53633,0
69207,0
54733,0
29084,0
90844,0
86606,0
88266,0
87337,0
87286,0
48708,0
73494,0
93051,0
7272,0
79585,0
41370,0
77126,0
47743,0
63496,0
89714,0
74535,0
66279,0
45708,0
50575,0
52233,0
57900,0
56529,0
80106,0
60245,0
28503,0
70434,0
44407,0
64411,0
47417,0
91683,0
34181,0
71651,0
54353,0
11643,0
18962,0
93981,0
79639,0
41399,0
41994,0
22290,0
13017,0
90682,0
26738,0
91664,0
90445,0
85449,0
53397,0
11081,0
64814,0
8585,0
73239,0
14401,0
89758,0
86330,0
64375,0
81379,0
23699,0
4831,0
26542,0
57495,0
14599,0
46763,0
80773,0
32300,0
79581,0
35261,0
19663,0
27974,0
90382,0
90913,0
92764,0
80272,0
68216,0
52811,0
35380,0
71538,0
41852,0
77904,0
29369,0
9447,0
11014,0
38740,0
5950,0
88562,0
40657,0
27701,0
7810,0
92826,0
76630,0
66660,0
16872,0
33957,0
87290,0
7708,0
58547,0
93446,0
68174,0
79464,0
52849,0
40426,0
56898,0
90423,0
58878,0
12677,0
81016,0
78183,0
75247,0
10404,0
72381,0
21756,0
46422,0
70765,0
60378,0
23344,0
32500,0
24449,0
14069,0
71762,0
42805,0
36244,0
30391,0
89663,0
5855,0
67111,0
18533,0
21253,0
63773,0
80995,0
9884,0
69290,0
20508,0
82778,0
78402,0
85919,0
70966,0
12620,0
33240,0
7018,0
50969,0
56224,0
78119,0
21999,0
15453,0
50512,0
92417,0
79959,0
21977,0
22639,0
25413,0
8721,0
7889,0
17969,0
38988,0
66308,0
48794,0
3103,0
41780,0
43583,0
64630,0
86686,0
87788,0
79136,0
78127,0
17038,0
23029,0
28539,0
22878,0
28177,0
8484,0
12769,0
80629,0
47999,0
88293,0
16675,0
3816,0
44098,0
26956,0
52935,0
66932,0
43057,0
8812,0
10417,0
20668,0
92619,0
35078,0
62749,0
30868,0
34156,0
48236,0
13772,0
21697,0
20260,0
47063,0
66551,0
68149,0
64345,0
37962,0
75249,0
31571,0
21658,0
55421,0
50635,0
70784,0
51716,0
69597,0
62880,0
35370,0
7933,0
66077,0
59336,0
93797,0
56317,0
87953,0
85513,0
63454,0
4000,0
76965,0
45282,0
23121,0
39979,0
35913,0
41150,0
49330,0
17779,0
80916,0
32786,0
86062,0
1878,0
26682,0
63102,0
55169,0
39233,0
10361,0
48527,0
85968,0
7719,0
2411,0
13556,0
60544,0
10302,0
11831,0
90985,0
48800,0
86160,0
34557,0
36283,0
1776,0
46312,0
41352,0
26299,0
19963,0
57447,0
44224,0
26834,0
20835,0
89508,0
47271,0
71759,0
77091,0
14146,0
91907,0
93330,0
26728,0
19349,0
41892,0
34690,0
15840,0
48805,0
29393,0
15505,0
92672,0
54990,0
28671,0
60144,0
14811,0
16229,0
3235,0
78919,0
81651,0
25970,0
60932,0
15617,0
69735,0
69795,0
10130,0
5793,0
58816,0
4756,0
82766,0
52877,0
3870,0
45348,0
81492,0
57651,0
48048,0
71186,0
11262,0
43565,0
87006,0
2001,0
18959,0
47539,0
46913,0
39623,0
91602,0
72127,0
67113,0
93077,0
48770,0
68562,0
69125,0
45558,0
57348,0
65360,0
16265,0
8624,0
64489,0
62123,0
30238,0
87296,0
68728,0
87438,0
59033,0
29518,0
20605,0
31627,0
2645,0
84010,0
241,0
24258,0
26109,0
60456,0